BarnName,Index,DHIID,RFID,AgeMons_Ref,HfrMerit$,DateDue,SireCode,MGSCode,DamName,DamPTAM,DamPTAF,DamPTAP,DamMerit$,SireMerit$
7207 ,7207,47VCP2210,,23,+562,2-18,7HO6417,1HO7127,5873,+2085,+47,+63,+428,+696
8513 ,8513,47VFF1131,,6,+557,,1HO9167,94JE3083,6116,+2260,+49,+47,+397,+717
8556 ,8556,000000000,,5,+529,,1HO2543,7HO6417,2965,+925,+62,+46,+581,+476
8828 ,8828,000000000,,,+521,,1HO9995,7HO6417,5583,+651,+38,+39,+476,+565
8484 ,8484,47VFF1017,,6,+512,,751HO9952,501HO7169,6792,+128,+13,+6,+432,+591
8243 ,8243,000000000,,9,+470,,751HO9103,7HO6417,6613,+283,+53,+22,+467,+473
7707 ,7707,000000000,,18,+459,8-12,501HO8407,7HO6417,6176,+799,+51,+39,+580,+338
8451 ,8451,47VEB6995,,6,+458,,1HO7127,7HO6417,5026,+832,+47,+37,+463,+453
8430 ,8430,47VEB6964,,7,+457,,1HO7290,1HO8752,5474,+766,+43,+35,+443,+470
8517 ,8517,47VFF1158,,5,+452,,751HO9952,14HO4099,6821,+534,-3,+20,+313,+591
7630 ,7630,47VCP2867,,18,+448,8-28,1HO7127,1HO8752,5474,+766,+43,+35,+443,+453
8409 ,8409,47VEB6972,,7,+443,,1HO2676,7HO6417,2721,+930,+44,+45,+435,+450
7759 ,7759,47VEB5291,,16,+438,9-28,7HO7615,7HO6417,5655,+984,+49,+38,+439,+437
8617 ,8617,000000000,,4,+436,,751HO9103,14HO4099,6259,+759,+13,+28,+398,+473
8646 ,8646,000000000,,4,+436,,1HO9167,29HO10321,5421,+143,+25,+7,+154,+717
8290 ,8290,000000000,,9,+433,,751HO9208,1HO5045,6631,+456,+47,+28,+452,+413
8533 ,8533,47VFF1160,,5,+432,,1HO9167,1HO6721,6196,+534,+28,+6,+146,+717
7944 ,7944,47VEB6341,,14,+431,,1HO8654,29HO10483,5805,+825,+59,+25,+334,+527
8832 ,8832,000000000,,,+430,,1HO9593,1HO7127,5756,+1135,+71,+43,+469,+391
7226 ,7226,000000000,,23,+429,3-03,1HO7169,7HO6417,5134,+344,+29,+29,+403,+455
8767 ,8767,000000000,,1,+428,,1HO9167,507HO6838,6319,+566,+39,+12,+138,+717
7592 ,7592,47VCP2882,,19,+427,9-22,1HO6833,7HO6417,2783,+1050,+63,+41,+468,+386
8395 ,8395,47VEB6823,,7,+427,,1HO7290,1HO6721,6054,+618,+49,+19,+384,+470
8280 ,8280,000000000,,9,+425,,751HO9103,7HO6168,6672,+910,+39,+37,+376,+473
8487 ,8487,47VFF1165,,6,+424,,1HO2676,7HO6417,5079,+1073,+43,+40,+398,+450
8514 ,8514,47VFF1146,,6,+416,,751HO9103,1HO7169,6803,+446,+25,+18,+359,+473
7670 ,7670,47VEB5308,,17,+415,8-02,7HO7615,1HO6360,5324,+198,+4,+12,+393,+437
8490 ,8490,47VFF1156,,6,+415,,1HO8764,1HO6360,2818,+649,-6,+21,+315,+514
8820 ,8820,000000000,,1,+415,,1HO8927,1HO5588,5865,+1010,+19,+25,+249,+581
7845 ,7845,47VEB6079,,15,+414,10-12,501HO7169,29HO10681,6190,+651,+27,+25,+373,+455
7208 ,7208,47VCP2218,,23,+412,2-14,7HO6417,1HO7235,5968,-149,+11,-3,+127,+696
8804 ,8804,000000000,,1,+412,,1HO9167,29HO9155,5901,+263,+6,+12,+107,+717
8705 ,8705,000000000,,2,+410,,1HO2676,507HO6838,5853,+1582,+56,+48,+369,+450
8527 ,8527,47VFF1137,,5,+408,,751HO9103,1HO9362,6829,+1156,+12,+30,+342,+473
8159 ,8159,47VEB6577,,10,+407,,501HO8824,7HO6417,6579,+288,+31,+24,+368,+445
7531 ,7531,47VCP2571,,19,+406,6-14,1HO7290,11HO9651,6081,+797,+55,+19,+342,+470
8216 ,8216,000000000,,10,+400,,1HO2576,29HO10681,5829,+652,+29,+22,+288,+511E
8448 ,8448,47VEB6982,,6,+400,,1HO2543,29HO10792,6220,+1304,+61,+38,+323,+476
7292 ,7292,000000000,,22,+399,3-14,1HO6845,29HO9155,5932,+1183,+73,+49,+456,+342
8734 ,8734,000000000,,2,+398,,263HO2980,7HO6417,5587,+18,+6,+8,+272,+524
8142 ,8142,47VEB6580,,11,+397,,501HO8824,507HO6168,6482,+434,+33,+32,+348,+445
8665 ,8665,000000000,,3,+397,,751HO9952,14HO3597,5162,+462,+9,+4,+203,+591
8643 ,8643,000000000,,4,+396,,1HO9137,29HO10792,6148,+664,+42,+25,+308,+483
7128 ,7128,47VCP2096,,24,+395,3-28,501HO7169,29HO10483,5805,+825,+59,+25,+334,+455
8156 ,8156,47VEB6539,,10,+395,,501HO8824,507HO6168,6488,+632,+14,+35,+344,+445
8525 ,8525,47VFF1173,,5,+395,,751HO9952,1HO6987,6809,-76,+28,+3,+199,+591
8394 ,8394,47VEB6850,,7,+394,,1HO7290,1HO6276,5501,+1046,+45,+30,+317,+470
7101 ,7101,000000000,,25,+393,2-02,1HO7169,1HO5588,2851,+1644,+36,+39,+330,+455
8054 ,8054,47VEB6486,,12,+391,,1HO8523,1HO7127,5756,+1135,+71,+43,+469,+312
7735 ,7735,47VEB5289,,17,+390,8-19,501HO7169,29HO10792,6283,+1214,+44,+41,+324,+455
8250 ,8250,000000000,,9,+390,,1HO9103,1HO8675,5965,+92,+34,+18,+307,+473
7884 ,7884,47VEB6091,,14,+388,,501HO8883,203HO421,6377,+798,+50,+24,+383,+392
8406 ,8406,47VFF1006,,7,+386,,1HO9496,9HO2575,2684,+289,+7,+19,+333,+438
7315 ,7315,47VCP2401,,22,+385,3-22,1HO9471,1HO6671,2991,+931,+40,+27,+274,+496
8483 ,8483,47VFF1015,,6,+385,,1HO2571,14HO3597,6653,+748,+7,+14,+249,+521
7809 ,7809,000000000,,15,+384,10-12,200HO5049,7HO6417,5638,+47,+39,+14,+369,+398
8374 ,8374,47VEB6887,,7,+382,,751HO9103,1HO6833,6650,-68,+9,+1,+291,+473
7923 ,7923,47VEB6402,,14,+381,,501HO8824,203HO421,6350,+1093,-1,+33,+317,+445
7154 ,7154,47VCP2269,,24,+380,2-24,501HO7290,1HO7127,5710,+1053,+33,+40,+290,+470
8040 ,8040,47VEB6470,,12,+380,,1HO8827,1HO7127,5710,+1053,+33,+40,+290,+470
8247 ,8247,000000000,,9,+380,,751HO9208,1HO9321,6629,+888,+50,+28,+346,+413
8340 ,8340,47VEB6853,,8,+379,,1HO9659,1HO7290,6599,+90,+58,+15,+384,+374
8295 ,8295,000000000,,9,+378,,751HO9040,1HO6833,6610,+599,+38,+10,+307,+448
8642 ,8642,000000000,,4,+377,,1HO9554,1HO2406,5153,+1250,+43,+40,+334,+420
8677 ,8677,000000000,,3,+377,,1HO8927,1HO2394,5475,+800,+26,+26,+172,+581
7422 ,7422,47VCP2449,,21,+376,5-03,1HO7235,1HO6721,6054,+618,+49,+19,+384,+368
8442 ,8442,47VEB6994,,6,+374,,751HO9103,507HO7466,6799,+613,+6,+10,+274,+473
7548 ,7548,47VCP2877,,19,+373,7-04,1HO7169,7HO6417,5433,+430,+27,+24,+291,+455
7773 ,7773,000000000,,16,+373,9-14,507HO8165,1HO8977,6227,+1515,+59,+40,+355,+391
7584 ,7584,47VCP2871,,19,+372,7-06,29HO10681,1HO5551,2491,+734,+51,+24,+200,+543
8634 ,8634,000000000,,4,+372,,1HO8523,7HO6417,2691,+597,+41,+28,+431,+312
8301 ,8301,000000000,,9,+371,,1HO7127,1HO5663,6055,+294,+5,+9,+288,+453
8790 ,8790,000000000,,1,+371,,1HO7127,507HO7482,6375,+1019,+29,+35,+289,+453
7167 ,7167,47VCP2273,,24,+369,3-01,1HO7290,14HO3597,5233,+1162,+5,+20,+268,+470
8108 ,8108,47VEB6518,,11,+369,,1HO2564,14HO3597,5222,+1090,+12,+26,+309,+429
8131 ,8131,47VEB6582,,11,+369,,1HO2507,7HO6417,2793,+209,+57,+17,+439,+299
7194 ,7194,47VCP2228,,24,+368,4-23,1HO7169,11HO5183,5185,+777,+6,+29,+281,+455
7327 ,7327,000000000,,22,+368,3-19,1HO9471,9HO2575,2891,+238,+2,+7,+239,+496
7844 ,7844,47VEB6075,,15,+366,10-08,501HO6845,1HO6360,6316,+235,+8,+10,+389,+342
8078 ,8078,47VEB6606,,12,+366,,501HO6845,1HO7290,6528,-47,+56,+15,+390,+342
8729 ,8729,000000000,,2,+366,,1HO9554,1HO6360,2607,-389,+7,-7,+311,+420
7310 ,7310,000000000,,22,+364,3-14,1HO7169,1HO6360,5374,+9,-27,+8,+272,+455
8298 ,8298,000000000,,9,+364,,751HO9103,1HO6721,6630,-127,+21,-3,+254,+473
8728 ,8728,000000000,,2,+363,,1HO2702,1HO6360,5622,-33,-16,-7,+202,+524
8183 ,8183,000000000,,10,+362,,501HO8824,1HO7127,6463,+1073,+33,+32,+278,+445
8689 ,8689,000000000,,3,+362,,1HO9167,1HO5588,6163,+543,-6,+8,+7,+717
8300 ,8300,000000000,,9,+361,,751HO9040,1HO6833,6551,-100,+8,-6,+274,+448
8424 ,8424,47VEB6971,,7,+360,,1HO7127,14HO3367,2766,+164,+25,+14,+267,+453
7356 ,7356,47VCP2447,,22,+359,4-21,501HO7169,1HO7235,6015,+732,+8,+25,+263,+455
8521 ,8521,47VFF1152,,5,+359,,1HO9167,,5487,,,,,+717
8600 ,8600,000000000,,4,+359,,1HO9167,1HO9226,6700,,,,,+717
8647 ,8647,000000000,,4,+359,,1HO9167,1HO5433,6917,,,,,+717
8690 ,8690,000000000,,3,+359,,1HO9167,HB,6927,,,,,+717
8694 ,8694,000000000,,3,+359,,1HO9167,1HO5045,6903,,,,,+717
8699 ,8699,000000000,,3,+359,,1HO9167,507HO6168,6924,,,,,+717
8706 ,8706,000000000,,2,+359,,1HO9167,507HO6838,6942,,,,,+717
8724 ,8724,000000000,,2,+359,,1HO9167,507HO6168,6944,,,,,+717
8785G ,8785,000000000,,1,+359,,1HO9167,HB,5332,,,,,+717
8792 ,8792,000000000,,1,+359,,1HO9167,,5495,,,,,+717
8807 ,8807,000000000,,1,+359,,1HO9167,HBHOLSTEI,6432,,,,,+717
7479 ,7479,47VCP2649,,20,+358,8-03,7HO7482,1HO8675,5965,+92,+34,+18,+307,+409
8120 ,8120,47VEB6542,,11,+358,,507HO8165,507HO6168,6490,+342,+16,+31,+325,+391
8636 ,8636,000000000,,4,+358,,1HO6845,29HO10681,6190,+651,+27,+25,+373,+342
8269 ,8269,000000000,,9,+357,,1HO8827,1HO5588,6070,+1076,+5,+23,+243,+470
8351 ,8351,47VEB6881,,8,+357,,1HO7290,507HO6695,6127,+437,+54,+14,+244,+470
7714 ,7714,47VEB5256,,17,+356,7-27,501HO8407,29HO10681,6190,+651,+27,+25,+373,+338
7719 ,7719,47VEB5276,,17,+356,8-16,501HO8407,29HO10681,6190,+651,+27,+25,+373,+338
7697 ,7697,000000000,,17,+355,9-16,1HO7169,29HO10321,5468,+809,+51,+24,+254,+455
8437 ,8437,47VEB6979,,7,+355,,751HO9103,1HO7290,6712,-149,+51,+7,+237,+473
8485 ,8485,47VFF1024,,6,+355,,1HO9103,1HO6833,6753,+209,+30,+3,+236,+473
8759 ,8759,000000000,,1,+355,,1HO8562,1HO7127,5754,+600,+37,+27,+271,+439
8090 ,8090,47VEB6524,,12,+354,,501HO6833,7HO6417,6471,-89,+25,+11,+322,+386
8503 ,8503,000000000,,6,+354,,1HO9137,1HO5588,2769,+1244,+43,+23,+225,+483
8818 ,8818,000000000,,1,+354,,1HO7127,3HO5678,5291,+412,+33,+21,+255,+453
8819 ,8819,000000000,,1,+354,,1HO7127,3HO5678,5291,+412,+33,+21,+255,+453
7272 ,7272,47VCP2382,,23,+353,4-27,29HO10493,29HO10302,5985,+901,+31,+20,+248,+458
8420 ,8420,47VFF1032,,7,+353,,1HO6827,1HO6833,6714,+322,+25,+12,+327,+378
8472 ,8472,47VEB6963,,6,+353,,751HO9040,11HO7123,6824,+645,+7,+22,+258,+448
8625 ,8625,000000000,,4,+353,,1HO2656,1HO5583,2907,+630,-10,+28,+166,+539
8675 ,8675,000000000,,3,+352,,1HO7290,1HO7235,6373,+359,+12,+16,+233,+470
8707 ,8707,000000000,,2,+352,,1HO9925,7HO5710,2318,+659,+7,+28,+292,+411
8375 ,8375,47VEB6865,,7,+351,,1HO8654,203HO466,5323,-97,-22,+2,+175,+527
8212 ,8212,47VEB6602,,10,+350,,501HO8328,1HO7290,6522,+898,+77,+31,+412,+288
7621 ,7621,47VEB5285,,18,+349,7-17,507HO8165,507HO7043,6144,+365,+25,+18,+306,+391
8031 ,8031,47VEB6515,,12,+349,,501HO8824,1HO7127,6465,+1434,+43,+47,+252,+445
8649 ,8649,000000000,,3,+349,,1HO2644,7HO6417,5655,+984,+49,+38,+439,+259
7734 ,7734,47VEB5269,,17,+348,8-19,501HO6987,1HO6721,6155,+370,+35,+10,+376,+320
8186 ,8186,47VEB6596,,10,+348,,501HO6833,7HO7482,6570,+957,+52,+30,+310,+386
7223 ,7223,000000000,,23,+347,4-21,501HO7290,1HO6802,5925,+743,+17,+10,+224,+470
7881 ,7881,47VEB6030,,14,+347,,1HO6827,1HO6360,5600,+155,+8,+4,+316,+378
8553 ,8553,000000000,,5,+347,,751HO8764,1HO6833,6767,+14,+9,-3,+179,+514
7425 ,7425,47VCP2570,,21,+346,5-29,501HO8717,1HO7154,6065,+759,+34,+31,+324,+368
8327 ,8327,47VEB6874,,8,+346,,751HO7290,7HO6782,6668,+328,+16,+9,+221,+470
8415 ,8415,47VEB6959,,7,+346,,751HO9040,501HO7290,6768,-119,+49,+12,+244,+448
8803 ,8803,000000000,,1,+346,,1HO6845,1HO7127,6436,+1042,+41,+38,+350,+342
7805 ,7805,000000000,,15,+345,10-12,507HO8165,1HO5663,6101,+1219,+35,+35,+298,+391
8207 ,8207,47VEB6611,,10,+344,,751HO8812,1HO7290,6585,+390,+74,+21,+392,+296
8788 ,8788,000000000,,1,+344,,1HO8654,1HO6671,5183,-100,+5,+6,+161,+527
7574 ,7574,47VCP2922,,19,+343,8-19,1HO9527,9HO2575,5198,-277,-37,-10,+38,+648
8010 ,8010,47VEB6343,,13,+343,,1HO8654,29HO9155,5870,+654,+4,+27,+159,+527
7841 ,7841,47VEB6049,,15,+342,10-12,501HO7169,1HO6833,6253,+320,+28,-1,+229,+455
8397 ,8397,47VEB6895,,7,+342,,1HO9309,7HO6417,2664,+324,+41,+21,+433,+250
8599 ,8599,000000000,,4,+342,,1HO9554,29HO9138,6250,+812,+33,+22,+264,+420
7119 ,7119,47VCP2079,,25,+341,1-17,501HO7290,14HO3751,5788,+769,+35,+37,+212,+470
8059 ,8059,47VEB6488,,12,+341,,1HO2610,1HO6360,5038,+218,-5,-2,+252,+430
8289 ,8289,000000000,,9,+341,,1HO7127,1HO6802,5209,+1100,-3,+25,+228,+453
8711 ,8711,000000000,,2,+341,,1HO7290,1HO8624,5459,+516,+23,+19,+211,+470
8138 ,8138,47VEB6595,,11,+340,,1HO7127,14HO3831,5279,+856,+34,+18,+226,+453
7675 ,7675,000000000,,17,+339,9-12,1HO7690,7HO6417,5026,+832,+47,+37,+463,+214
8104 ,8104,47VEB6478,,11,+339,,501HO8824,1HO5663,6443,+632,+19,+21,+232,+445
7804 ,7804,000000000,,15,+338,9-29,1HO7900,11HO5183,5602,+894,+23,+33,+256,+420
8226 ,8226,000000000,,10,+338,,507HO7466,1HO5045,6559,+457,+44,+33,+429,+247
8227 ,8227,000000000,,10,+338,,507HO7466,1HO5045,6559,+457,+44,+33,+429,+247
8244 ,8244,000000000,,9,+338,,751HO8812,507HO7482,6602,+862,+24,+31,+379,+296
7674 ,7674,47VEB5253,,17,+337,8-03,1HO2509,11HO8046,2874,-313,+12,-2,+252,+422
8542 ,8542,47VFF1130,,5,+337,,1HO9554,1HO6721,6239,+965,+32,+25,+253,+420
8583 ,8583,000000000,,4,+337,,1HO9103,1HO6939,6822,-102,+40,+2,+201,+473
8812 ,8812,000000000,,1,+337,,1HO6773,11HO7094,5819,+338,+30,+22,+306,+368
8712 ,8712,000000000,,2,+336,,1HO6845,29HO11111,6246,+569,+34,+18,+330,+342
7351 ,7351,47VCP2389,,22,+335,4-03,1HO7767,7HO6417,2762,+281,+11,+17,+337,+333
7561 ,7561,47VCP2919,,19,+335,7-23,1HO7169,9HO2575,2919,+47,-16,+5,+215,+455
8175 ,8175,47VEB6575,,10,+335,,501HO8328,1HO7290,6598,+392,+70,+26,+381,+288
8644 ,8644,000000000,,4,+335,,263HO2980,14HO2736,5270,+63,+8,-2,+146,+524
8386 ,8386,47VEB6883,,7,+333,,1HO9496,1HO2406,5850,+375,+20,+7,+228,+438
7538 ,7538,47VCP2665,,19,+332,7-22,1HO9673,9HO2575,2806,+665,+9,+18,+247,+417
7567 ,7567,47VCP2925,,19,+332,7-01,29HO10681,7HO6168,2398,-315,+0,+7,+121,+543
7971 ,7971,47VEB6347,,13,+332,,1HO9935,9HO2575,2639,-77,+0,-4,+238,+425
7967 ,7967,47VEB6373,,13,+331,,501HO8407,507HO7173,6372,+426,+34,+14,+323,+338
8368 ,8368,47VEB6844,,8,+331,,751HO9208,1HO7235,6606,+952,+21,+27,+248,+413
8405 ,8405,47VEB6969,,7,+331,,751HO9103,1HO2406,6675,+1128,+28,+34,+189,+473
8628 ,8628,000000000,,4,+331,,1HO8764,203HO466,5555,-168,-26,-8,+148,+514
7865 ,7865,47VEB6021,,15,+330,,501HO6845,11HO9651,6340,+512,+53,+9,+317,+342
8103 ,8103,47VEB6501,,11,+330,,501HO8598,1HO6833,6462,+839,+39,+21,+403,+256
8528 ,8528,47VFF1159,,5,+330,,1HO8654,14HO3597,5170,-260,-3,-13,+132,+527
8618 ,8618,000000000,,4,+329,,1HO2656,29HO12044,2894,+219,-6,+12,+119,+539
7960 ,7960,47VEB6356,,13,+328,,501HO8407,1HO6833,6404,+758,+35,+15,+318,+338
8347 ,8347,47VEB6889,,8,+328,,1HO9395,1HO2406,6088,+942,+21,+25,+252,+403
8464 ,8464,47VFF1012,,6,+328,,1HO9673,14HO3597,6683,+993,+8,+18,+238,+417
8465 ,8465,47VFF1014,,6,+328,,1HO9673,14HO3597,6683,+993,+8,+18,+238,+417
8731 ,8731,000000000,,2,+328,,1HO7127,507HO6695,6333,-74,+33,+6,+203,+453
7151 ,7151,47VCP2253,,24,+327,2-27,501HO7290,7HO6995,5747,+65,+18,+3,+183,+470
7457 ,7457,47VCP2639,,20,+327,5-25,1HO7235,1HO6721,6021,+292,+10,+1,+286,+368
7570 ,7570,47VCP2907,,19,+327,8-25,7HO7839,1HO6360,2731,+1072,+34,+29,+440,+213
8421 ,8421,47VFF1001,,7,+327,,1HO9591,14HO3597,5818,+574,+32,+14,+401,+252
8645 ,8645,000000000,,4,+327,,1HO8764,1HO6721,6226,+16,+16,-5,+140,+514
7075 ,7075,47VCP2082,,25,+326,1-21,1HO7169,1HO6360,5081,-143,-11,-9,+197,+455
7771 ,7771,47VEB5566,,16,+326,9-07,14HO4239,29HO12044,2948,+641,+24,+23,+265,+386
8098 ,8098,47VEB6485,,11,+326,,1HO2610,7HO6417,5276,+438,+18,+13,+221,+430
8410 ,8410,47VEB6984,,7,+326,,1HO8328,7HO6417,2962,+103,+25,+16,+363,+288
8708 ,8708,000000000,,2,+326,,1HO2702,14HO3597,5400,-191,-5,-11,+127,+524
8168 ,8168,47VEB6569,,10,+325,,1HO2599,14HO2958,1779,+581,+5,+18,+238,+412
8180 ,8180,47VEB6571,,10,+325,,501HO6845,29HO10818,6565,+739,+4,+29,+307,+342
8568 ,8568,000000000,,5,+325,,1HO2676,1HO5551,2491,+734,+51,+24,+200,+450
8569 ,8569,000000000,,5,+325,,1HO2676,1HO5551,2491,+734,+51,+24,+200,+450
7948 ,7948,47VEB6407,,14,+324,,1HO2582,29HO10321,5358,+571,+39,+16,+212,+435
8457 ,8457,47VEB6954,,6,+324,,1HO6845,507HO7043,6144,+365,+25,+18,+306,+342
7751 ,7751,47VEB5545,,16,+323,9-15,507HO7466,14HO4099,6259,+759,+13,+28,+398,+247
8500 ,8500,47VFF1161,,6,+323,,1HO2623,7HO5605,6141,+637,+36,+17,+205,+440
8559 ,8559,000000000,,5,+323,,751HO9103,14HO3597,6686,-321,-23,-17,+172,+473
7110 ,7110,47VCP2056,,25,+321,1-21,1HO7169,9HO2575,5171,+382,-2,+6,+186,+455
7624 ,7624,47VEB5300,,18,+321,7-21,501HO7169,1HO5663,6159,+749,+20,+23,+187,+455
7810 ,7810,000000000,,15,+321,9-28,507HO8165,507HO7173,6273,+503,+14,+12,+250,+391
7828 ,7828,47VEB6092,,15,+321,,1HO9541,11HO5293,2006,+629,+16,+27,+257,+385
8270 ,8270,000000000,,9,+321,,751HO9040,1HO7235,6611,+885,+32,+24,+194,+448
7864 ,7864,47VEB6065,,15,+320,,200HO5049,29HO10728,5764,+730,+9,+32,+241,+398
7950 ,7950,47VEB6362,,14,+320,,501HO6845,11HO7741,6415,+498,+26,+13,+297,+342
8716 ,8716,000000000,,2,+320,,1HO2687,29HO10483,5428,+696,+31,+18,+251,+388
7209 ,7209,47VCP2229,,23,+319,3-02,1HO7169,1HO6802,5105,+542,+7,+8,+182,+455
7893 ,7893,47VEB6035,,14,+319,,1HO7794,1HO6360,5546,-352,-6,-5,+315,+322
8008 ,8008,47VEB6391,,13,+319,,501HO8824,1HO9065,6362,+185,+19,+11,+193,+445
8283 ,8283,47VEB6864,,9,+319,,1HO8407,203HO421,5316,+1035,+19,+31,+300,+338
8455 ,8455,47VEB6957,,6,+319,,1HO2543,1HO5588,2578,+1120,+10,+27,+162,+476
8697 ,8697,000000000,,3,+319,,1HO9925,1HO5702,2710,+1045,+36,+22,+226,+411
8823 ,8823,000000000,,,+319,,1HO8654,507HO6838,6418,+470,+26,+11,+110,+527
7427 ,7427,47VCP2393,,21,+318,6-26,1HO7169,9HO2575,2815,-245,-5,-6,+180,+455
7777 ,7777,000000000,,16,+318,9-13,1HO6833,1HO6360,2932,+206,-1,+8,+249,+386
8682 ,8682,000000000,,3,+318,,1HO9994,1HO8752,5484,+609,+10,+24,+264,+372
8154 ,8154,47VEB6559,,10,+317,,1HO9949,11HO7130,5719,+111,+19,+16,+204,+430
8356 ,8356,47VEB6870,,8,+317,,751HO9040,1HO6721,6704,+153,+11,+0,+186,+448
8544 ,8544,000000000,,5,+316,,1HO6845,7JE329,5680,+2503,+43,+51,+290,+342
8125 ,8125,47VEB6463,,11,+315,,501HO7169,1HO6721,6558,+231,+13,+3,+174,+455
8370 ,8370,47VEB6833,,7,+315,,751HO8812,1HO6833,6783,+310,+24,+7,+333,+296
8121 ,8121,47VEB6573,,11,+314,,1HO2564,14HO3831,5352,+1293,+25,+32,+199,+429
7177 ,7177,47VCP2244,,24,+313,2-19,501HO6987,203HO421,5884,+888,+13,+21,+305,+320
7918 ,7918,47VEB6383,,14,+313,,1HO8523,29HO10483,5646,+846,+39,+27,+313,+312
8112 ,8112,47VEB6472,,11,+313,,507HO8165,507HO6168,6485,-37,+6,+20,+235,+391
7974 ,7974,47VEB6374,,13,+312,,501HO8824,1HO6671,6356,+724,+20,+26,+178,+445
8520 ,8520,47VFF1150,,5,+312,,1HO2690,14HO4099,6189,+444,-30,+25,+165,+458
8793 ,8793,000000000,,1,+312,,263HO2980,1HO8974,6315,-86,+11,+0,+99,+524
7812 ,7812,47VEB5538,,15,+311,,501HO6845,29HO11111,6178,+1438,+53,+36,+280,+342
7813 ,7813,47VEB5522,,15,+311,,501HO6845,29HO11111,6178,+1438,+53,+36,+280,+342
8148 ,8148,47VEB6574,,11,+311,,501HO8824,507HO6168,6491,-137,-7,+14,+176,+445
8321 ,8321,47VEB6855,,8,+311,,1HO6987,9HO2575,2845,-52,+5,+6,+302,+320
8753 ,8753,000000000,,2,+311,,1HO9554,1HO2406,5837,+891,+28,+21,+202,+420
8826 ,8826,000000000,,,+311,,1HO2706,1HO5663,6293,+153,-6,-1,+60,+561
8459 ,8459,47VFF1008,,6,+310,,1HO2665,14HO2736,5264,+526,+14,+6,+228,+391
8616 ,8616,000000000,,4,+310,,1HO2656,29HO10321,5369,+89,+10,+6,+81,+539
8673 ,8673,000000000,,3,+310,,1HO6845,29HO10792,6312,+552,+23,+20,+277,+342
8681 ,8681,000000000,,3,+310,,1HO9925,203HO421,5301,+1158,+24,+31,+209,+411
8237 ,8237,000000000,,9,+309,,1HO8407,507HO6695,5933,+969,+57,+26,+280,+338
8353 ,8353,47VEB6829,,8,+309,,1HO9457,1HO6802,5130,+907,+20,+15,+204,+414
8381 ,8381,47VEB6863,,7,+309,,751HO8642,1HO9340,6708,+554,+15,+16,+66,+552
7705 ,7705,47VEB5317,,18,+308,8-02,507HO7466,7HO6838,5853,+1582,+56,+48,+369,+247
8577 ,8577,000000000,,5,+308,,1HO6827,501HO7290,6844,-257,+47,+10,+237,+378
7690 ,7690,47VEB5259,,17,+307,8-07,507HO8165,507HO6695,6218,+509,+62,+15,+222,+391
7778 ,7778,000000000,,16,+307,9-13,507HO6838,1HO7127,6310,+574,+47,+33,+387,+227
8326 ,8326,47VEB6903,,8,+307,,1HO7290,507HO6695,5917,+26,+42,+8,+143,+470
7134 ,7134,47VCP2064,,24,+306,1-29,1HO7624,1HO6360,5227,+690,+10,+18,+374,+238
8285 ,8285,47VEB6845,,9,+306,,751HO8812,7HO6417,6626,+295,+23,+22,+316,+296
8440 ,8440,47VFF1003,,6,+306,,1HO2643,9HO2575,2603,+434,+16,+11,+262,+349
8582 ,8582,000000000,,4,+306,,1HO9554,203HO421,6225,+205,+12,+7,+192,+420
7412 ,7412,47VCP2406,,21,+305,5-11,1HO9482,29HO12044,2740,+228,+19,+13,+161,+449
7519 ,7519,47VCP2562,,20,+305,6-22,11HO7123,9HO2575,2845,-52,+5,+6,+302,+308
7691 ,7691,47VEB5281,,17,+305,7-26,1HO6721,1HO6671,5497,+1513,+37,+44,+291,+319
8067 ,8067,47VEB6499,,12,+305,,1HO8654,7HO6695,5765,+119,+26,+3,+83,+527
8221 ,8221,000000000,,10,+305,,1HO2576,14HO3597,5346,-377,-18,-19,+98,+511E
8341 ,8341,47VEB6854,,8,+305,,1HO9103,1HO7290,6701,-478,+26,-3,+137,+473
7166 ,7166,47VCP2270,,24,+304,3-01,501HO6987,29HO10681,5829,+652,+29,+22,+288,+320
7205 ,7205,000000000,,23,+304,,501HO7290,7HO6995,5739,-48,+17,+0,+138,+470
8271 ,8271,000000000,,9,+304,,1HO2576,29HO9155,5665,+102,+2,+9,+97,+511E
8443 ,8443,47VEB6974,,6,+304,,1HO2571,507HO6695,6748,+21,+27,+4,+87,+521
8574 ,8574,000000000,,5,+304,,751HO9103,1HO7127,6846,+598,+14,+22,+134,+473
8575 ,8575,000000000,,5,+304,,751HO9103,1HO7127,6846,+598,+14,+22,+134,+473
8631 ,8631,000000000,,4,+304,,1HO2672,94JE3083,6103,+1719,+28,+32,+232,+376
8758 ,8758,000000000,,1,+304,,1HO8764,7HO6349,5045,-252,+22,+6,+94,+514
7237 ,7237,000000000,,23,+303,3-02,1HO7169,1HO2406,5333,+623,+17,+18,+150,+455
7739 ,7739,000000000,,17,+303,8-16,7HO7615,29HO10321,5608,+106,+23,+8,+169,+437
7870 ,7870,47VEB6019,,15,+303,,501HO6845,29HO11111,6297,+1009,+28,+25,+264,+342
8512 ,8512,47VFF1178,,6,+303,,1HO2615,1HO7047,2161W,+219,+27,+9,+138,+467
8268 ,8268,000000000,,9,+302,,1HO9103,1HO2406,6005,+44,+0,+1,+131,+473
8433 ,8433,47VEB6991,,7,+302,,1HO7290,1HO9340,6710,+384,+22,+15,+133,+470
7448 ,7448,47VCP2589,,20,+301,5-25,501HO8833,1HO5588,6060,+434,-4,+11,+198,+403
8136 ,8136,47VEB6564,,11,+301,,501HO8824,507HO6838,6539,+527,+26,+12,+157,+445
8371 ,8371,47VEB6896,,7,+301,,1HO9449,1HO5702,2994,+640,+21,+10,+96,+506
8508 ,8508,47VFF1142,,6,+301,,1HO9554,1HO2406,6064,+598,+28,+20,+181,+420
7688 ,7688,000000000,,17,+300,8-18,501HO7169,1HO6721,6143,+48,+5,-4,+144,+455
7833 ,7833,47VEB6045,,15,+300,10-07,501HO6845,1HO9007,6077,+1185,+45,+30,+258,+342
7989 ,7989,47VEB6379,,13,+300,,501HO6833,29HO10241,6366,+36,+17,+8,+214,+386
8116 ,8116,47VEB6458,,11,+300,,501HO6845,29HO10124,6457,+504,+17,+21,+258,+342
8610 ,8610,000000000,,4,+300,,1HO2672,29HO10792,6257,+549,+46,+19,+223,+376
7643 ,7643,47VEB5302,,18,+298,,1HO7235,1HO6360,5438,+199,-13,+1,+228,+368
8053 ,8053,47VEB6481,,12,+298,,501HO6845,29HO10493,6543,-16,+39,+11,+254,+342
8781 ,8781,000000000,,1,+298,,1HO8654,9HO2575,2824,-4,-26,-4,+68,+527
7414 ,7414,47VCP2416,,21,+297,,1HO9155,203HO421,5303,+1157,+36,+28,+314,+280
7498 ,7498,47VCP2580,,20,+297,8-07,501HO6845,1HO2406,6088,+942,+21,+25,+252,+342
7700 ,7700,47VCP2926,,18,+297,8-01,507HO6168,7HO6417,5282,+50,+28,+21,+361,+232
7701 ,7701,47VEB5325,,18,+297,8-02,507HO6168,7HO6417,5282,+50,+28,+21,+361,+232
7702 ,7702,47VCP2897,,18,+297,8-01,507HO6168,7HO6417,5282,+50,+28,+21,+361,+232
7706 ,7706,47VEB5293,,18,+297,8-01,507HO6168,7HO6417,5282,+50,+28,+21,+361,+232
8124 ,8124,47VEB6473,,11,+297,,1HO2605,11HO4662,2488,+1143,+50,+38,+276,+318
8447 ,8447,47VEB6999,,6,+297,,751HO9040,1HO6721,6703,-60,+10,-5,+146,+448
7143 ,7143,47VCP2266,,24,+296,1-31,1HO7169,1HO6360,5229,-482,-26,-17,+136,+455
8022 ,8022,47VEB6408,,12,+296,,1HO9952,HB,2781,,,,,+591
8037 ,8037,47VEB6510,,12,+296,,1HO9952,,4121,,,,,+591
8070 ,8070,47VEB6540,,12,+296,,501HO6845,1HO5663,6331,+1351,+16,+32,+249,+342
8248 ,8248,000000000,,9,+296,,1HO8407,507HO6695,6173,+747,+46,+24,+254,+338
8551 ,8551,000000000,,5,+296,,1HO6827,507HO7466,6789,+898,+0,+15,+214,+378
8596 ,8596,000000000,,4,+296,,1HO8764,11HO5284,4450,-324,-18,-3,+77,+514
7091 ,7091,47VCP2072,,25,+295,1-18,501HO7290,14HO3751,5726,+147,+9,+14,+119,+470
7623 ,7623,47VCP2895,,18,+295,7-23,501HO7169,1HO6721,6107,+318,+5,+6,+134,+455
8110 ,8110,47VEB6452,,11,+295,,1HO8328,203HO421,5337,+567,+12,+15,+301,+288
8277 ,8277,000000000,,9,+295,,751HO9103,7HO6168,6677,+340,-5,+19,+116,+473
7165 ,7165,47VCP2197,,24,+294,3-18,1HO9474,7HO6417,5004,-164,+7,+5,+184,+403
7493 ,7493,47VCP2612,,20,+294,7-09,97HO1608,14HO2736,5277,+726,+9,+12,+174,+414
7927 ,7927,47VEB6390,,14,+294,,7HO7287,14HO3367,2896,+471,+30,+26,+221,+367
8032 ,8032,47VEB6522,,12,+294,,1HO7290,1HO2406,5496,+495,+2,+19,+118,+470
8092 ,8092,47VEB6450,,12,+294,,501HO6833,11HO7741,6466,+892,+18,+27,+202,+386
8536 ,8536,47VFF1164,,5,+294,,751HO8764,1HO9359,6760,+435,+14,+14,+73,+514
8606 ,8606,000000000,,4,+293,,1HO2656,1HO9007,6138,+287,+11,+10,+47,+539
7817 ,7817,000000000,,15,+292,10-04,501HO6987,29HO9138,6250,+812,+33,+22,+264,+320
8171 ,8171,47VEB6560,,10,+292,,501HO6845,507HO6168,6536,-41,-6,-2,+241,+342
8305 ,8305,47VEB6872,,8,+292,,1HO7352,94JE3083,5812,+1931,+50,+41,+372,+211
8427 ,8427,47VEB6960,,7,+292,,751HO9103,1HO6776,6723,-704,+3,-20,+111,+473
7469 ,7469,47VCP2606,,20,+291,5-25,501HO8903,507HO6838,6166,+1613,+53,+45,+403,+179
8076 ,8076,47VEB6457,,12,+291,,1HO9309,7HO6417,2677,+719,+8,+33,+331,+250
8229 ,8229,000000000,,10,+291,,1HO8827,1HO8863,6002,-62,-6,-3,+112,+470
8329 ,8329,47VEB6841,,8,+291,,1HO9659,1HO5045,6643,+199,+29,+14,+207,+374
7835 ,7835,000000000,,15,+290,,501HO7169,29HO10792,6214,+392,-5,+9,+124,+455
8057 ,8057,47VEB6513,,12,+290,,501HO6833,29HO10818,6452,-119,-6,-4,+193,+386
8364 ,8364,47VEB6832,,8,+290,,1HO8328,7HO6417,5433,+430,+27,+24,+291,+288
8365 ,8365,47VEB6900,,8,+290,,1HO8328,7HO6417,5433,+430,+27,+24,+291,+288
8389 ,8389,47VEB6842,,7,+290,,1HO9449,1HO2406,5341,+972,+15,+30,+73,+506
8439 ,8439,47VEB6980,,6,+290,,1HO8523,1HO2406,5869,+628,+11,+26,+267,+312
8495 ,8495,47VFF1144,,6,+290,,1HO9554,11HO7123,6740,+476,+15,+11,+160,+420
8695 ,8695,000000000,,3,+290,,1HO2543,1HO5663,6278,+299,+0,+13,+104,+476
7419 ,7419,47VCP2644,,21,+289,6-10,501HO7094,1HO6721,5864,+583,+37,+12,+335,+243
7786 ,7786,000000000,,16,+289,9-15,29HO10641,1HO6721,6308,+340,+16,+5,+146,+431
8535 ,8535,47VFF1135,,5,+289,,1HO8328,1HO8977,6235,+1031,+42,+22,+289,+288
8564 ,8564,000000000,,5,+289,,751HO9208,1HO7169,6850,-267,+8,-5,+165,+413
7615 ,7615,47VEB5261,,18,+288,7-20,501HO6987,507HO6838,6200,+1440,+23,+34,+255,+320
7907 ,7907,47VEB6036,,14,+288,,501HO6845,1HO7235,6373,+359,+12,+16,+233,+342
8518 ,8518,47VFF1145,,5,+288,,1HO2690,1HO8863,6033,+649,-7,+20,+117,+458
8279 ,8279,000000000,,9,+287,,751HO9103,7HO6782,6656,-638,+0,-9,+101,+473
8444 ,8444,47VFF1025,,6,+287,,1HO8562,1HO6721,6107,+318,+5,+6,+134,+439
8541 ,8541,47VFF1163,,5,+287,,1HO2615,7HO6695,5798,+213,+24,-4,+106,+467
8741 ,8741,000000000,,2,+287,,1HO8927,11HO7319,5860,-476,-13,-9,-7,+581
7361 ,7361,47VCP2411,,22,+286,5-12,1HO6845,29HO10321,5239,+640,+37,+14,+229,+342
7851 ,7851,47VEB6022,,15,+286,10-11,1HO7690,9HO2575,2972,+540,+13,+13,+357,+214
8432 ,8432,47VEB6967,,7,+286,,1HO6827,7HO6782,6715,+17,+12,+6,+193,+378
8562 ,8562,000000000,,5,+286,,1HO9137,7HO6695,5979,-522,+6,-9,+89,+483
8660 ,8660,000000000,,3,+286,,1HO7290,507HO6695,6306,-141,+42,+3,+101,+470
8717 ,8717,000000000,,2,+286,,1HO9395,507HO7173,6326,+507,+16,+18,+168,+403
8429 ,8429,47VFF1019,,7,+285,,1HO8523,29HO9155,6063,+651,+40,+26,+258,+312
8814 ,8814,000000000,,1,+285,,1HO2687,203HO421,5314,+945,+30,+19,+181,+388
7443 ,7443,47VCP2611,,20,+284,5-17,501HO6845,29HO10792,6058,+773,+19,+21,+226,+342
7692 ,7692,000000000,,17,+284,8-02,1HO9691,1HO2406,5437,+899,+26,+21,+222,+346
7836 ,7836,47VEB6024,,15,+284,10-05,501HO8812,11HO9651,6303,-325,+7,-13,+272,+296
8084 ,8084,47VEB6451,,12,+284,,1HO7336,7HO6417,5226,+718,+34,+30,+377,+190
8106 ,8106,47VEB6508,,11,+284,,1HO6987,1HO5697,5201,+422,+38,+14,+247,+320
8130 ,8130,47VEB6529,,11,+284,,1HO8407,203HO421,5300,+1020,+22,+22,+229,+338
8132 ,8132,47VEB6449,,11,+284,,501HO8407,1HO7235,6469,+463,+15,+11,+229,+338
8438 ,8438,47VEB6978,,6,+284,,1HO8927,1HO9002,6112,+88,+0,+5,-13,+581
8357 ,8357,47VEB6824,,8,+283,,1HO9395,9HO2575,5115,+437,+11,+6,+162,+403
8524 ,8524,47VFF1139,,5,+283,,1HO9103,1HO9296,6823,+386,+5,+12,+93,+473
8651 ,8651,000000000,,3,+283,,1HO9554,1HO6721,6308,+340,+16,+5,+146,+420
8659 ,8659,000000000,,3,+283,,1HO9309,1HO6360,5546,-352,-6,-5,+315,+250
8829 ,8829,000000000,,,+283,,1HO8562,1HO7235,5968,-149,+11,-3,+127,+439
7405 ,7405,47VCP2460,,21,+282,5-18,29HO9155,1HO6360,5418,+877,+2,+21,+344,+220
7429 ,7429,47VCP2660,,21,+282,5-01,501HO8833,1HO6721,6084,+186,+15,+1,+161,+403
7806 ,7806,000000000,,15,+282,,1HO7900,7HO6417,5588,-814,-8,-15,+144,+420
8452 ,8452,47VEB6958,,6,+282,,1HO2646,1HO5697,5413,+1453,+34,+41,+349,+214
8470 ,8470,47VEB6955,,6,+282,,1HO2643,9HO2575,2919,+47,-16,+5,+215,+349
8668 ,8668,000000000,,3,+281,,1HO8523,507HO6695,6156,+761,+47,+22,+249,+312
7212 ,7212,47VCP2217,,23,+280,5-03,501HO6987,1HO5663,5863,+947,+46,+23,+239,+320
7396 ,7396,47VCP2403,,21,+280,5-25,97HO1608,1HO5702,2743,+941,+0,+29,+146,+414
7827 ,7827,47VEB6072,,15,+280,10-13,507HO8165,507HO7173,6326,+507,+16,+18,+168,+391
8241 ,8241,000000000,,9,+280,,1HO2585,1HO6721,5864,+583,+37,+12,+335,+225
8276 ,8276,000000000,,9,+280,,1HO2609,9HO2704,2591,+1116,+36,+33,+226,+333
7144 ,7144,47VCP2236,,24,+279,2-23,1HO6987,9HO2575,2639,-77,+0,-4,+238,+320
7214 ,7214,000000000,,23,+279,4-04,501HO6987,1HO5663,5820,+652,+9,+16,+237,+320
7349 ,7349,000000000,,22,+279,5-06,1HO6939,1HO6360,2804,+271,+11,+4,+310,+247
8586 ,8586,000000000,,4,+279,,1HO2615,1HO9054,6232,+550,+19,+10,+91,+467
8808 ,8808,000000000,,1,+279,,1HO2687,7HO6417,2825,-428,-2,-3,+170,+388
7118 ,7118,47VCP2071,,25,+278,3-18,501HO6987,203HO421,5963,+416,+8,+13,+235,+320
7247 ,7247,000000000,,23,+278,2-15,501HO8903,29HO10681,5927,+831,+39,+37,+376,+179
8522 ,8522,47VFF1179,,5,+278,,751HO9208,1HO7290,6795,-623,+37,-4,+143,+413
7140 ,7140,47VCP2022,,24,+277,3-02,11HO7123,1HO5583,2903,+608,+17,+33,+245,+308
7191 ,7191,47VCP2219,,24,+277,4-14,1HO2406,7HO6417,2677,+719,+8,+33,+331,+222
7330 ,7330,000000000,,22,+277,3-30,1HO9665,1HO6360,5243,+306,-4,+7,+259,+294
7588 ,7588,47VCP2898,,19,+277,8-03,501HO8833,507HO7379,6089,+749,+38,+18,+151,+403
7775 ,7775,000000000,,16,+277,9-12,1HO7900,7HO6695,5642,+51,+41,+2,+134,+420
7913 ,7913,47VEB6031,,14,+277,,1HO9928,,2610,,,,,+554
8358 ,8358,47VEB6840,,8,+277,,1HO8523,507HO6168,6495,+318,+10,+18,+242,+312
7271 ,7271,000000000,,23,+276,3-02,501HO8833,1HO8851,6004,+472,+0,+22,+149,+403
8404 ,8404,47VEB6977,,7,+276,,1HO2641,11HO7319,6114,+427,+22,+7,+106,+446
8460 ,8460,47VEB6993,,6,+276,,1HO2665,9HO2575,2799,+253,-6,+4,+160,+391
8461 ,8461,47VEB6975,,6,+276,,1HO2665,9HO2575,2799,+253,-6,+4,+160,+391
8549 ,8549,000000000,,5,+276,,1HO2543,507HO6695,6238,-448,+36,-10,+76,+476
8552 ,8552,000000000,,5,+276,,751HO9554,1HO7290,6820,+489,+85,+36,+551,
7378 ,7378,47VCP2443,,21,+275,6-02,501HO7094,1HO9015,6052,+1084,+48,+32,+307,+243
7435 ,7435,47VCP2397,,21,+275,5-25,11HO7123,14HO3367,2898,+98,+38,+17,+241,+308
7677 ,7677,47VEB5290,,17,+275,8-27,501HO8717,507HO6838,6165,+986,+27,+25,+181,+368
6923 ,6923,47VCP1782,,27,+274,10-25,507HO6168,1HO6360,5600,+155,+8,+4,+316,+232
7627 ,7627,47VCP2921,,18,+274,8-04,501HO6987,29HO10302,6188,+398,+9,+7,+227,+320
8046 ,8046,47VEB6460,,12,+274,,501HO8824,1HO5663,6403,+459,+7,+9,+102,+445
7984 ,7984,47VEB6360,,13,+273,,501HO8824,29HO11111,6341,+606,+18,+15,+101,+445
8169 ,8169,47VEB6597,,10,+273,,501HO8824,1HO9096,6572,+278,+3,+12,+101,+445
8632 ,8632,000000000,,4,+273,,1HO9137,11HO7741,6335,+361,+5,+19,+62,+483
7123 ,7123,47VCP2078,,25,+272,2-07,501HO7290,29HO10302,5854,+223,+10,+5,+73,+470
7215 ,7215,47VCP2261,,23,+272,2-17,1HO7169,203HO466,5286,-367,-8,-14,+88,+455
7335 ,7335,47VCP2434,,22,+272,4-21,29HO10681,14HO3579,2998,,,,,+543
7591 ,7591,47VCP2920,,19,+272,7-15,29HO10681,,4263,,,,,+543
8091 ,8091,47VEB6594,,12,+272,,1HO8328,3HO5678,5291,+412,+33,+21,+255,+288
8489 ,8489,47VFF1172,,6,+272,,1HO7127,29HO10321,5367,-253,+16,-3,+91,+453
8833 ,8833,000000000,,,+272,,1HO2644,1HO5588,2676,+1313,+37,+25,+284,+259
7625 ,7625,47VEB5295,,18,+271,8-13,1HO9901,1HO6360,5044,-506,-17,-16,+100,+441
8530 ,8530,47VFF1168,,5,+271,,1HO9954,7HO6417,5343,+162,+22,+15,+318,+224
7723 ,7723,47VEB5318,,17,+270,8-18,7HO7615,203HO466,5543,-341,+2,-12,+103,+437
7875 ,7875,47VEB6063,,15,+270,,14HO4239,11HO5534,4315,-72,-4,+2,+154,+386
8376 ,8376,47VEB6825,,7,+270,,1HO8523,1HO8800,6032,+497,+8,+14,+228,+312
8576 ,8576,000000000,,5,+270,,1HO2656,,4390,,,,,+539
8621 ,8621,000000000,,4,+270,,1HO2656,,2775,,,,,+539
7105 ,7105,000000000,,25,+269,2-09,507HO6168,11HO7094,5819,+338,+30,+22,+306,+232
7262 ,7262,000000000,,23,+269,5-12,1HO7767,1HO6802,5130,+907,+20,+15,+204,+333
7491 ,7491,47VCP2587,,20,+269,7-01,501HO7467,1HO6948,6034,+1805,+41,+52,+310,+228
7578 ,7578,47VCP2872,,19,+269,8-16,501HO6845,1HO5663,6109,+1111,+14,+29,+195,+342
7683 ,7683,47VEB5539,,17,+269,8-01,501HO6833,7HO5605,6231,+706,+43,+18,+151,+386
7787 ,7787,000000000,,16,+269,9-12,1HO7690,1HO6802,5601,+960,+44,+21,+324,+214
7975 ,7975,47VEB6355,,13,+268,,1HO9951,7HO4152,1938,+94,+21,-2,+44,+491
8532 ,8532,47VFF1176,,5,+268,,1HO9593,1HO6721,6143,+48,+5,-4,+144,+391
8565 ,8565,000000000,,5,+268,,1HO2543,7HO6695,5980,+190,+7,+8,+60,+476
8589 ,8589,000000000,,4,+268,,1HO2566,1HO5433,5492,+909,-8,+25,+191,+345
7278 ,7278,000000000,,23,+267,2-27,1HO9479,9HO2271,1956,+799,+5,+22,+244,+289
7704 ,7704,47VEB5314,,18,+267,8-23,507HO6838,1HO8675,5965,+92,+34,+18,+307,+227
8012 ,8012,47VEB6403,,13,+267,,1HO2662,203HO421,5950,+583,+18,+13,+210,+323
7628 ,7628,47VCP2911,,18,+266,8-01,7HO7839,7HO6417,5343,+162,+22,+15,+318,+213
7634 ,7634,47VEB5313,,18,+266,,1HO9901,29HO10321,5367,-253,+16,-3,+91,+441
7737 ,7737,47VEB5246,,17,+266,8-15,501HO6845,203HO421,6237,-46,-8,+2,+190,+342
7792 ,7792,47VEB5549,,16,+266,9-12,7HO7615,1HO2406,5613,+636,+14,+18,+95,+437
7068 ,7068,47VCP2074,,25,+265,1-23,1HO6833,1HO5588,5718,+864,+6,+19,+143,+386
7499 ,7499,47VCP2603,,20,+265,6-10,1HO6833,51416594,2049,+744,+42,+20,+143,+386
7755 ,7755,000000000,,16,+265,10-04,200HO5049,1HO2406,5471,+1004,+20,+26,+132,+398
7815 ,7815,47VEB6071,,15,+265,10-12,501HO7169,29HO10124,6241,-440,-7,-5,+75,+455
8191 ,8191,47VEB6556,,10,+265,,1HO8782,1HO8851,6008,+131,+8,+8,+133,+396
8380 ,8380,47VEB6871,,7,+265,,751HO8812,1HO9229,6707,+898,+0,+25,+234,+296
8704 ,8704,000000000,,2,+265,,1HO2672,29HO10728,5699,+1251,+11,+29,+153,+376
7170 ,7170,47VCP2223,,24,+264,2-12,1HO6987,1HO6360,5221,-172,-1,-10,+208,+320
7178 ,7178,47VCP2268,,24,+264,3-02,14HO3597,29HO9155,5870,+654,+4,+27,+159,+369
7882 ,7882,47VEB6084,,14,+264,,501HO8883,1HO9054,6285,+800,+33,+24,+135,+392
7903 ,7903,47VEB6041,,14,+264,,1HO8654,,5701,,,,,+527
8058 ,8058,47VEB6505,,12,+264,,1HO8654,UNKNOWN,5939,,,,,+527
8407 ,8407,47VEB6996,,7,+264,,1HO9372,1HO5626,2401,-121,+2,+6,+142,+385
7291 ,7291,000000000,,22,+263,3-19,1HO7336,1HO6721,5864,+583,+37,+12,+335,+190
7293 ,7293,000000000,,22,+263,3-17,1HO7336,1HO6721,5864,+583,+37,+12,+335,+190
7712 ,7712,47VEB5321,,18,+263,8-12,501HO7336,1HO6721,5864,+583,+37,+12,+335,+190
7713 ,7713,000000000,,18,+263,8-01,501HO7336,1HO6721,5864,+583,+37,+12,+335,+190
7576 ,7576,47VCP2891,,19,+262,8-03,7HO6168,7HO5710,2318,+659,+7,+28,+292,+232
8002 ,8002,47VEB6381,,13,+262,,1HO9591,1HO7127,5754,+600,+37,+27,+271,+252
8134 ,8134,47VEB6545,,11,+262,,501HO8407,1HO6833,6501,-113,+9,-9,+185,+338
8150 ,8150,47VEB6603,,10,+262,,1HO7336,7HO6417,2678,+470,+22,+24,+334,+190
8151 ,8151,47VEB6579,,10,+262,,1HO7336,7HO6417,2678,+470,+22,+24,+334,+190
8498 ,8498,47VFF1175,,6,+262,,1HO2571,1HO9340,6699,+167,-15,+10,+3,+521
7339 ,7339,000000000,,22,+261,3-29,1HO9482,11HO5929,2834,-91,+27,-4,+72,+449
8346 ,8346,47VEB6843,,8,+261,,1HO2571,JERSEYS,6638,,,,,+521
8369 ,8369,47VEB6891,,8,+261,,1HO2571,7HO6782,6644,,,,,+521
8393 ,8393,47VEB6873,,7,+261,,1HO2571,1HO9226,6743,,,,,+521
8693 ,8693,000000000,,3,+261,,1HO2571,1HO6833,6869,,,,,+521
8779 ,8779,000000000,,1,+261,,1HO2562,1HO7235,6197,+406,+25,+13,+170,+352
7085 ,7085,47VCP2076,,25,+260,1-22,7HO6168,1HO6360,2999,+309,+1,+2,+288,+232
7906 ,7906,47VEB6097,,14,+260,,1HO6987,14HO3597,5359,+261,+5,+4,+200,+320
7914 ,7914,47VEB6028,,14,+260,,501HO6845,1HO7127,6383,+668,+27,+27,+177,+342
7945 ,7945,47VEB6370,,14,+260,,1HO2582,1HO6149,5015,+1307,+31,+38,+85,+435
8077 ,8077,47VEB6465,,12,+260,,1HO6987,9HO2575,2801,+507,-26,+13,+199,+320
8133 ,8133,47VEB6584,,11,+260,,1HO7691,1HO5588,2984,+910,+38,+13,+221,+299
8342 ,8342,47VEB6826,,8,+260,,1HO8664,11HO7094,6027,+458,-15,+17,+149,+371
8657 ,8657,000000000,,3,+260,,1HO2678,1HO5702,5366,+1162,+40,+26,+191,+329
7663 ,7663,47VCP2900,,18,+259,8-11,1HO5045,203HO466,5541,-315,+12,-5,+179,+338
8004 ,8004,47VEB6414,,13,+259,,1HO9309,7HO6695,5810,+767,+33,+25,+267,+250
7658 ,7658,47VEB5247,,18,+258,9-10,1HO6845,14HO3597,5510,-96,-5,-6,+174,+342
8456 ,8456,47VFF1018,,6,+258,,1HO2611,1HO6939,6640,,,,,+516
8496 ,8496,47VFF1166,,6,+258,,1HO2611,1HO6939,6640,,,,,+516
8499 ,8499,47VFF1143,,6,+258,,1HO2611,1HO6939,6640,,,,,+516
8537 ,8537,47VFF1138,,5,+258,,1HO9554,501HO6987,6806,-408,+4,-9,+96,+420
7286 ,7286,000000000,,22,+257,4-09,7HO7839,203HO421,5337,+567,+12,+15,+301,+213
7543 ,7543,47VCP2664,,19,+257,7-04,29HO10124,9HO2704,2268,+734,+19,+11,+83,+430
7761 ,7761,000000000,,16,+257,9-01,1HO6833,14HO3597,5400,-191,-5,-11,+127,+386
7912 ,7912,47VEB6043,,14,+257,,1HO9935,1HO2406,5625,+515,+16,+13,+88,+425
8584 ,8584,000000000,,4,+257,,1HO8764,,4355,,,,,+514
7679 ,7679,47VEB5266,,17,+256,8-02,507HO6838,1HO7235,6260,+1335,+35,+30,+285,+227
7779 ,7779,000000000,,16,+256,9-29,507HO8165,29HO10792,6295,+456,+12,+14,+120,+391
8251 ,8251,000000000,,9,+256,,1HO2576,,4492,,,,,+511E
7157 ,7157,47VCP2234,,24,+255,2-01,1HO7169,1HO6360,5236,-690,-39,-20,+54,+455
7593 ,7593,47VCP2931,,19,+255,7-06,1HO6721,1HO5433,5492,+909,-8,+25,+191,+319
7789 ,7789,000000000,,16,+255,10-03,29HO11609,7HO6168,6274,+227,+12,+14,+190,+319
8476 ,8476,47VFF1028,,6,+255,,1HO9188,14HO3597,6686,-321,-23,-17,+172,+337
8787 ,8787,000000000,,1,+255,,1HO2687,1HO6802,5426,+572,+3,+4,+122,+388
8830 ,8830,000000000,,,+255,,1HO8328,507HO6168,6493,+414,+5,+22,+221,+288
7104 ,7104,000000000,,25,+254,3-17,7HO7482,1HO2406,5752,+259,-4,+2,+99,+409
7341 ,7341,000000000,,22,+254,6-01,7HO7839,1HO6360,5189,+335,-13,+14,+294,+213
7603 ,7603,47VCP2889,,18,+254,9-15,7HO7839,1HO6360,5545,-53,+2,-3,+294,+213
8020 ,8020,47VEB6405,,13,+254,,501HO8328,1HO6946,6417,+298,+20,+12,+219,+288
8235 ,8235,000000000,,9,+254,,1HO8664,3HO5678,6074,-1,+9,+5,+136,+371
8507 ,8507,47VFF1171,,6,+254,,1HO2660,1HO7154,6240,-54,-3,+4,+69,+438
7179 ,7179,47VCP2252,,24,+253,3-29,11HO7123,7HO5851,2232,-212,+36,+2,+198,+308
7305 ,7305,000000000,,22,+253,4-13,1HO7290,7HO6168,2562,-153,-10,+9,+36,+470
7676 ,7676,000000000,,17,+253,8-01,1HO7336,1HO6360,2818,+649,-6,+21,+315,+190
7267 ,7267,000000000,,23,+252,3-02,1HO6939,14HO3597,5385,+457,+5,+11,+257,+247
8181 ,8181,47VEB6619,,10,+252,,1HO8782,507HO6695,5890,-358,+36,-6,+107,+396
8768 ,8768,000000000,,1,+252,,1HO8328,1HO5663,6236,+791,+33,+20,+216,+288
7366 ,7366,47VCP2421,,22,+251,3-30,501HO8717,1HO8851,6008,+131,+8,+8,+133,+368
7391 ,7391,47VCP2450,,21,+251,4-12,1HO9482,1HO6824,5114,+562,+6,+16,+52,+449
7562 ,7562,47VCP2868,,19,+251,9-29,1HO4986,14HO3597,5415,+17,-16,-9,+128,+374
7849 ,7849,000000000,,15,+251,10-12,1HO7900,29HO10321,5369,+89,+10,+6,+81,+420
8387 ,8387,47VEB6861,,7,+251,,1HO9390,1HO9001,5998,-108,-12,+4,+124,+378
8396 ,8396,47VEB6852,,7,+251,,751HO9103,1HO9365,6738,+233,+6,+11,+28,+473
8663 ,8663,000000000,,3,+251,,1HO7127,1HO5702,5620,-311,+10,-10,+49,+453
7093 ,7093,47VCP2073,,25,+250,1-07,501HO7467,1HO2406,5816,+1440,+45,+41,+272,+228
7503 ,7503,47VCP2658,,20,+250,8-26,501HO8328,1HO8863,6036,+846,+20,+20,+212,+288
7609 ,7609,47VCP2893,,18,+250,8-08,501HO6987,29HO9138,6205,+102,+10,+11,+179,+320
7664 ,7664,47VEB5263,,18,+250,7-12,501HO6845,29HO10681,6152,+797,+6,+25,+157,+342
7943 ,7943,47VEB6349,,14,+250,,1HO8407,29HO10493,5782,-261,+10,+8,+161,+338
8324 ,8324,47VEB6835,,8,+250,,751HO8812,1HO6939,6673,-111,+26,+0,+204,+296
8399 ,8399,47VEB6828,,7,+250,,1HO2641,1HO5663,6083,-94,+9,-9,+54,+446
7285 ,7285,47VCP2377,,22,+249,4-08,501HO8883,7HO6838,5885,+668,+17,+11,+105,+392
7854 ,7854,47VEB6090,,15,+249,10-13,1HO7336,11HO5183,5257,+1084,+30,+45,+308,+190
7891 ,7891,47VEB6020,,14,+249,,1HO7336,7HO6417,2567,+711,+29,+22,+308,+190
8024 ,8024,47VEB6476,,12,+249,,1HO8328,1HO6802,5041,+891,+8,+14,+209,+288
8165 ,8165,47VEB6578,,10,+249,,1HO7336,1HO9015,6052,+1084,+48,+32,+307,+190
8188 ,8188,47VEB6618,,10,+249,,501HO6845,29HO10493,6468,-408,+16,+5,+155,+342
8190 ,8190,47VEB6583,,10,+249,,501HO6833,1HO5045,6548,-370,+3,+2,+112,+386
8587 ,8587,000000000,,4,+249,,1HO2656,29HO9155,5872,-578,-5,-7,-41,+539
8714 ,8714,000000000,,2,+249,,1HO2687,1HO6360,5422,-471,-34,-13,+109,+388
8742 ,8742,000000000,,2,+249,,1HO2562,29HO10792,6266,+560,+16,+23,+146,+352
7344 ,7344,47VCP2619,,22,+248,3-27,501HO6845,1HO7127,5970,+803,+11,+29,+154,+342
7522 ,7522,47VCP2637,,20,+248,6-22,501HO7467,29HO10483,6120,+211,+25,+10,+268,+228
7296 ,7296,000000000,,21,+247,4-30,7HO6838,1HO2406,5869,+628,+11,+26,+267,+227
7534 ,7534,47VCP2614,,19,+247,7-06,1HO9671,,1592W,,,,,+494
7694 ,7694,47VEB5250,,17,+247,8-15,501HO6845,1HO5588,6185,+1936,+23,+44,+151,+342
7708 ,7708,47VCP2908,,18,+247,8-02,507HO6838,1HO2406,6869,+628,+11,+26,+267,+227
7710 ,7710,47VEB5284,,18,+247,8-03,507HO6838,1HO2406,5859,+628,+11,+26,+267,+227
8361 ,8361,47VEB6831,,8,+247,,1HO8407,507HO6838,5856,+1319,+14,+33,+155,+338
8563 ,8563,000000000,,5,+247,,HB,1HO9226,6717,+1317,+51,+46,+493,
7776 ,7776,000000000,,16,+246,9-29,507HO8165,507HO6695,6306,-141,+42,+3,+101,+391
7994 ,7994,47VEB6353,,13,+246,,1HO9951,,5055,,,,,+491
8182 ,8182,47VEB6604,,10,+246,,501HO8328,1HO9312,6573,+617,+22,+21,+204,+288
8275 ,8275,000000000,,9,+246,,751HO9040,1HO9317,6594,-90,+8,+1,+43,+448
8436 ,8436,47VEB6985,,7,+246,,1HO2646,203HO421,6199,+604,+27,+10,+277,+214
7148 ,7148,47VCP2200,,24,+245,2-11,1HO7169,9HO2575,5100,-796,-34,-17,+34,+455
7252 ,7252,000000000,,23,+245,2-12,501HO8717,11HO7319,5811,+642,+18,+14,+122,+368
7504 ,7504,47VCP2638,,20,+245,6-21,1HO5045,1HO9007,6039,+1105,+30,+28,+151,+338
8060 ,8060,47VEB6453,,12,+245,,1HO8772,11HO7319,5722,+464,+6,+12,+122,+368
8545 ,8545,000000000,,5,+245,,1HO2699,1HO6149,2057,+1100,+15,+25,+157,+332
8791 ,8791,000000000,,1,+245,,1HO8764,1HO6802,5779,-167,-22,-18,-25,+514
7398 ,7398,47VCP2296,,21,+244,4-12,1HO7690,203HO421,5321,+1347,+18,+35,+273,+214
7853 ,7853,47VEB6040,,15,+244,,1HO2592,,4600,,,,,+488E
7898 ,7898,47VEB6048,,14,+244,,7HO8175,14HO3367,2597,+224,+33,+21,+298,+190
8441 ,8441,47VFF1007,,6,+244,,751HO9103,1HO9367,6758,-330,-3,-1,+15,+473
7508 ,7508,47VCP2645,,20,+243,,1HO9658,9HO2575,2684,+289,+7,+19,+333,+152
7772 ,7772,000000000,,16,+243,9-12,29HO11609,29HO10792,6291,+510,+24,+18,+166,+319
7246 ,7246,47VCP2214,,23,+242,3-30,501HO7169,29HO10483,5790,-431,+6,-10,+28,+455
8128 ,8128,47VEB6483,,11,+242,,1HO8782,1HO8851,6009,+153,-2,+4,+87,+396
8383 ,8383,47VEB6857,,7,+242,,1HO9602,7HO6995,5747,+65,+18,+3,+183,+300
8664 ,8664,000000000,,3,+242,,1HO9137,,4359,,,,,+483
8794 ,8794,000000000,,1,+242,,1HO9137,,2221,,,,,+483
7397 ,7397,47VCP2661,,21,+241,6-10,501HO8328,29HO10483,6022,+245,+18,+18,+194,+288
7532 ,7532,47VCP2592,,19,+241,8-01,7HO6168,7HO6417,5005,+154,+14,+13,+249,+232
8011 ,8011,47VEB6433,,13,+241,,1HO6987,203HO421,5237,-275,-4,-10,+162,+320
8557 ,8557,000000000,,5,+241,,1HO2641,7HO5605,6124,+297,+19,+5,+35,+446
7698 ,7698,000000000,,17,+240,9-08,501HO8407,29HO10124,6258,-29,+11,+6,+141,+338
8063 ,8063,47VEB6506,,12,+240,,501HO6845,1HO2406,6445,+659,+11,+22,+137,+342
8579 ,8579,000000000,,4,+240,,1HO9554,7HO6168,6252,+338,-4,+18,+59,+420
7168 ,7168,47VCP2233,,24,+239,2-11,501HO7467,1HO5588,5865,+1010,+19,+25,+249,+228
7406 ,7406,47VCP2298,,21,+239,5-19,1HO6833,14HO3831,5909,+1362,+10,+33,+92,+386
7515 ,7515,47VCP2659,,20,+239,6-21,97HO1608,29HO10321,5204,-316,+15,-11,+64,+414
7667 ,7667,47VEB5306,,17,+239,7-27,501HO8903,203HO421,6187,+746,+23,+21,+298,+179
7888 ,7888,47VEB6068,,14,+239,,1HO9926,1HO5702,5620,-311,+10,-10,+49,+429
7939 ,7939,47VEB6371,,14,+239,,501HO6845,11HO7741,6402,+616,+14,+13,+135,+342
8068 ,8068,47VEB6495,,12,+239,,1HO8664,29HO9155,5901,+263,+6,+12,+107,+371
8198 ,8198,47VEB6591,,10,+239,,HB,1HO7235,6472,+1236,+75,+38,+478,
8238 ,8238,000000000,,9,+239,,1HO2576,507HO6838,5874,+136,+3,-1,-34,+511E
7100 ,7100,000000000,,25,+238,2-23,7HO6168,1HO6360,5028,+191,+3,+1,+243,+232
7856 ,7856,47VEB6055,,15,+238,10-13,501HO8812,507HO6695,6344,-36,+37,+6,+180,+296
8477 ,8477,47VEB6966,,6,+238,,1HO2543,,2826,,,,,+476
8581 ,8581,000000000,,4,+238,,1HO2543,,2624,,,,,+476
8630 ,8630,000000000,,4,+238,,1HO2543,,4401,,,,,+476
8637 ,8637,000000000,,4,+238,,1HO2543,,4487,,,,,+476
8162 ,8162,47VEB6550,,10,+237,,1HO2610,1HO5588,5809,+521,-13,+8,+44,+430
8178 ,8178,47VEB6566,,10,+237,,501HO8598,1HO6721,6562,+502,+17,+5,+218,+256
8414 ,8414,47VFF1016,,7,+237,,1HO9103,,5478,,,,,+473
8570 ,8570,000000000,,5,+237,,751HO9103,7HO6168,6839,,,,,+473
8588 ,8588,000000000,,4,+237,,751HO9103,14HO3801,6888,,,,,+473
8590 ,8590,000000000,,4,+237,,751HO9103,1HO7235,6689,,,,,+473
8602 ,8602,000000000,,4,+237,,751HO9103,,5631,,,,,+473
8624 ,8624,000000000,,4,+237,,751HO9103,507HO6168,6921,,,,,+473
8667 ,8667,000000000,,3,+237,,751HO9103,7HO7602,6975,,,,,+473
8678 ,8678,000000000,,3,+237,,751HO9103,7HO6782,6910,,,,,+473
8680 ,8680,000000000,,3,+237,,1HO9103,1HO7336,6906,,,,,+473
8702 ,8702,000000000,,3,+237,,751HO9103,1HO7336,6991,,,,,+473
8703 ,8703,000000000,,2,+237,,751HO9103,1HO9448,6979,,,,,+473
8751 ,8751,000000000,,2,+237,,751HO9103,1HO9390,6972,,,,,+473
8827 ,8827,000000000,,,+237,,751HO9103,501HO7290,7098,,,,,+473
8834 ,8834,000000000,,,+237,,1HO9103,1HO6987,7049,,,,,+473
7511 ,7511,47VCP2629,,20,+236,6-23,501HO7467,507HO6695,6127,+437,+54,+14,+244,+228
7862 ,7862,47VEB6073,,15,+236,,501HO8812,7HO5605,6311,+511,+49,+13,+176,+296
8218 ,8218,47VEB6549,,10,+236,,1HO7691,9HO2575,2982,-410,-6,-7,+173,+299
8355 ,8355,47VEB6866,,8,+236,,1HO9659,1HO9338,6660,+669,+1,+15,+97,+374
7058 ,7058,47VCP2046,,25,+235,3-18,501HO7290,7HO6695,5771,,,,,+470
7059 ,7059,47VCP2089,,25,+235,2-06,501HO7290,7HO6695,5771,,,,,+470
7174 ,7174,47VCP2256,,24,+235,2-10,501HO7290,,5846,,,,,+470
7218 ,7218,47VCP2207,,23,+235,6-16,1HO7290,,2217,,,,,+470
7323 ,7323,000000000,,22,+235,,1HO7290,,3670,,,,,+470
7333 ,7333,47VCP2429,,22,+235,5-30,1HO7624,7HO6417,5344,+608,+11,+29,+231,+238
7417 ,7417,47VCP2387,,21,+235,4-28,507HO6838,1HO5588,6070,+1076,+5,+23,+243,+227
7767 ,7767,000000000,,16,+235,,1HO9598,,4368,,,,,+470
7794 ,7794,000000000,,16,+235,,507HO8165,507HO7379,6284,+905,+15,+21,+79,+391
7922 ,7922,47VEB6366,,14,+235,,1HO7290,,5637,,,,,+470
8023 ,8023,47VEB6388,,12,+235,,1HO8827,,4570,,,,,+470
8069 ,8069,47VEB6479,,12,+235,,1HO2610,1HO8253,2861,-251,+2,-4,+40,+430
8362 ,8362,47VEB6867,,8,+235,,1HO6987,203HO466,5548,-124,+7,-3,+150,+320
8612 ,8612,000000000,,4,+235,,1HO2678,29HO10124,6258,-29,+11,+6,+141,+329
8619 ,8619,000000000,,4,+235,,1HO7290,,2461,,,,,+470
7320 ,7320,47VCP2305,,22,+234,3-13,29HO9155,1HO5697,5201,+422,+38,+14,+247,+220
7481 ,7481,47VCP2617,,20,+234,6-26,501HO8328,1HO6721,6059,+131,+12,+3,+179,+288
8426 ,8426,47VFF1029,,7,+234,,751HO9208,14HO3801,6754,-152,+2,-4,+55,+413
8594 ,8594,000000000,,4,+234,,1HO2615,,5839,,,,,+467
8613 ,8613,000000000,,4,+234,,1HO2615,,2879,,,,,+467
8802 ,8802,000000000,,1,+234,,1HO9988,507HO7379,6262,+714,+31,+19,+148,+320
7371 ,7371,47VCP2391,,22,+233,4-08,1HO6833,7HO5710,2512,+754,+7,+19,+80,+386
7749 ,7749,000000000,,16,+233,8-28,501HO6987,1HO6721,6196,+534,+28,+6,+146,+320
7802 ,7802,47VEB6044,,15,+233,10-02,200HO5049,1HO5588,5012,+761,+17,+11,+68,+398
7837 ,7837,47VEB6060,,15,+232,,501HO8903,29HO10792,6323,+1043,+23,+33,+284,+179
8127 ,8127,47VEB6456,,11,+232,,1HO2665,11HO5929,2834,-91,+27,-4,+72,+391
8176 ,8176,47VEB6610,,10,+232,,1HO7336,203HO421,5321,+1347,+18,+35,+273,+190
8267 ,8267,000000000,,9,+232,,1HO2605,1HO6802,5283,+404,-2,+2,+145,+318
7408 ,7408,47VCP2400,,21,+231,4-29,501HO8717,1HO7127,5966,+330,+15,+7,+94,+368
7966 ,7966,47VEB6351,,13,+231,,1HO9541,224HO6974,2747,+627,+12,+11,+76,+385
8423 ,8423,47VEB6956,,7,+231,,1HO2607,HB,5253,,,,,+462
8505 ,8505,47VFF1140,,6,+231,,1HO2615,1HO8685,5976,-110,-9,-1,-6,+467
7579 ,7579,47VCP2865,,19,+230,6-29,501HO7094,7HO6168,6186,+293,+11,+19,+217,+243
7941 ,7941,47VEB6417,,14,+230,,501HO8407,507HO6838,6400,+884,+13,+21,+122,+338
8348 ,8348,47VEB6836,,8,+230,,1HO9395,11HO4623,2436,+346,+16,+10,+56,+403
8349 ,8349,47VEB6822,,8,+230,,1HO9395,11HO4623,2436,+346,+16,+10,+56,+403
8727 ,8727,000000000,,2,+230,,1HO7691,29HO10493,5782,-261,+10,+8,+161,+299
7254 ,7254,47VCP2212,,23,+229,2-27,1HO7290,29HO10483,5845,-451,-1,-7,-13,+470
7394 ,7394,47VCP2408,,21,+229,5-17,501HO7094,1HO5663,6028,+1043,+28,+27,+214,+243
7451 ,7451,47VCP2655,,20,+229,5-13,1HO5433,7HO6417,5080,-1135,-2,-13,+128,+329
8273 ,8273,000000000,,9,+229,,1HO9657,1HO2406,5284,-196,+10,-1,+97,+360
8688 ,8688,000000000,,3,+229,,1HO2690,,5761,,,,,+458
8761 ,8761,000000000,,1,+229,,1HO2562,11HO5486,5402,+767,-33,+13,+105,+352
7065 ,7065,47VCP2063,,25,+228,2-02,501HO7169,,5766,,,,,+455
7081 ,7081,47VCP2017,,25,+228,6-01,1HO7169,,2904,,,,,+455
7089 ,7089,47VCP2058,,25,+228,1-12,1HO7169,,4358,,,,,+455
7112 ,7112,47VCP2066,,25,+228,2-13,501HO7169,1HO6802,5648,,,,,+455
7138 ,7138,47VCP2248,,24,+228,3-16,1HO7169,,5135,,,,,+455
7184 ,7184,47VCP2198,,24,+228,2-17,501HO7169,,5918,,,,,+455
7221 ,7221,000000000,,23,+228,2-18,1HO7169,,5332,,,,,+455
7250 ,7250,000000000,,23,+228,,501HO7169,UNKNOWN,5939,,,,,+455
7312 ,7312,000000000,,22,+228,3-16,1HO7169,,5383,,,,,+455
7324 ,7324,47VCP2409,,22,+228,4-13,1HO7169,,5096,,,,,+455
7332 ,7332,47VCP2414,,22,+228,3-30,501HO8717,1HO8851,6009,+153,-2,+4,+87,+368
7359 ,7359,47VCP2390,,22,+228,4-16,1HO7169,,5406,,,,,+455
7458 ,7458,47VCP2668,,20,+228,6-10,501HO7169,1JE480,5848,,,,,+455
7823 ,7823,47VEB6098,,15,+228,,1HO7169,,5652,,,,,+455
7826 ,7826,000000000,,15,+228,,501HO7169,507HO6695,6170,,,,,+455
8515 ,8515,47VFF1174,,6,+228,,1HO2615,11HO4338,6037,+284,+14,+18,-11,+467
7413 ,7413,47VCP2455,,21,+227,4-28,1HO6487,1HO6360,5378,+351,-8,+12,+253,+200
7969 ,7969,47VEB6377,,13,+227,,1HO7127,,4136,,,,,+453
7970 ,7970,47VEB6409,,13,+227,,1HO7127,,1431,,,,,+453
8101 ,8101,47VEB6523,,11,+227,,1HO7127,,4386,,,,,+453
8119 ,8119,47VEB6563,,11,+227,,HB,7HO6417,6500,+778,+21,+35,+453,
8185 ,8185,47VEB6562,,10,+227,,1HO9915,1HO6802,5256,+310,+15,-3,+162,+291
8263 ,8263,000000000,,9,+227,,1HO7127,,4133,,,,,+453
8307 ,8307,000000000,,8,+227,,1HO2606,14HO3831,5909,+1362,+10,+33,+92,+361
8311 ,8311,47VEB6838,,8,+227,,1HO7127,,4369,,,,,+453
7527 ,7527,47VCP2615,,19,+226,6-22,501HO8328,11HO7094,6026,+389,-1,+13,+163,+288
7560 ,7560,47VCP2912,,19,+226,7-06,1HO9543,29HO10321,5025,+1085,+38,+21,+127,+324
7402 ,7402,47VCP2300,,21,+225,4-13,501HO8833,1HO8912,6013,-48,+2,-4,+47,+403
7420 ,7420,47VCP2407,,21,+225,4-30,501HO8833,1HO2406,5981,-401,-33,-6,+47,+403
7842 ,7842,47VEB6089,,15,+225,10-11,501HO7169,507HO7043,6321,-219,-31,-2,-6,+455
8258 ,8258,000000000,,9,+225,,1HO7794,7HO6417,5080,-1135,-2,-13,+128,+322
8609 ,8609,000000000,,4,+225,,1HO2644,11HO6159,6079,+1457,+40,+37,+190,+259
7523 ,7523,47VCP2648,,20,+224,8-19,7HO6168,1HO6360,5425,+3,+0,+8,+216,+232
7566 ,7566,47VCP2917,,19,+224,7-26,1HO9588,9HO2575,2799,+253,-6,+4,+160,+287
7572 ,7572,47VCP2870,,19,+224,8-06,501HO7094,7HO5605,6141,+637,+36,+17,+205,+243
7641 ,7641,47VEB5292,,18,+224,7-22,501HO8717,11HO7319,6203,+400,+9,+9,+80,+368
7861 ,7861,47VEB6047,,15,+224,,1HO7169,1HO6802,5741,-21,-25,-8,-7,+455
8048 ,8048,47VEB6498,,12,+224,,1HO9103,1HO6802,5779,-167,-22,-18,-25,+473
8052 ,8052,47VEB6512,,12,+224,,501HO6833,29HO10818,6430,-281,-12,-8,+61,+386
8255 ,8255,000000000,,9,+224,,1HO9309,1HO5588,6060,+434,-4,+11,+198,+250
8454 ,8454,47VEB6983,,6,+224,,1HO9040,1HO5045,6690,,,,,+448
8468 ,8468,47VEB6976,,6,+224,,1HO9040,1HO9226,6700,,,,,+448
8480 ,8480,47VFF1011,,6,+224,,1HO9040,1HO9226,6700,,,,,+448
8492 ,8492,47VFF1154,,6,+224,,1HO9040,1HO9226,6700,,,,,+448
8493 ,8493,47VFF1134,,6,+224,,1HO9040,1HO9226,6700,,,,,+448
8494 ,8494,47VFF1155,,6,+224,,1HO9040,1HO9226,6700,,,,,+448
8501 ,8501,47VFF1157,,6,+224,,1HO9040,1HO9226,6700,,,,,+448
8560 ,8560,000000000,,5,+224,,751HO9040,,6814,,,,,+448
8580 ,8580,000000000,,4,+224,,751HO9040,JERSEYS,6832,,,,,+448
8592 ,8592,000000000,,4,+224,,751HO9040,1HO9362,6837,,,,,+448
8614 ,8614,000000000,,4,+224,,751HO9040,1HO6987,6889,,,,,+448
8622 ,8622,000000000,,4,+224,,751HO9040,501HO7290,6879,,,,,+448
8627 ,8627,000000000,,4,+224,,751HO9040,,6912,,,,,+448
8633 ,8633,000000000,,4,+224,,751HO9040,1HO7290,6900,,,,,+448
8639 ,8639,000000000,,4,+224,,751HO9040,1HO7690,6925,,,,,+448
8641 ,8641,000000000,,4,+224,,751HO9040,1HO7290,6884,,,,,+448
8672 ,8672,000000000,,3,+224,,751HO9040,1HO7336,6887,,,,,+448
8696 ,8696,000000000,,3,+224,,751HO9040,7HO7839,6958,,,,,+448
8713 ,8713,000000000,,2,+224,,751HO9040,29HO10493,6967,,,,,+448
8722 ,8722,000000000,,2,+224,,751HO9040,1HO7690,6985,,,,,+448
8755 ,8755,000000000,,2,+224,,751HO9040,14HO3801,7002,,,,,+448
8777 ,8777,000000000,,1,+224,,751HO9040,507HO6168,7074,,,,,+448
8782 ,8782,000000000,,1,+224,,751HO9040,507HO7466,7013,,,,,+448
8783 ,8783,000000000,,1,+224,,751HO9040,29HO11396,7073,,,,,+448
7265 ,7265,000000000,,23,+223,6-16,1HO6939,14HO3831,5352,+1293,+25,+32,+199,+247
7266 ,7266,000000000,,23,+223,4-03,1HO6939,14HO3831,5352,+1293,+25,+32,+199,+247
7597 ,7597,47VCP2874,,18,+223,8-10,1HO9588,1HO6671,5345,+621,+30,+20,+159,+287
7986 ,7986,47VEB6397,,13,+223,,501HO8824,507HO7482,6423,,,,,+445
8055 ,8055,47VEB6517,,12,+223,,501HO8824,507HO7482,6424,,,,,+445
8088 ,8088,47VEB6520,,12,+223,,501HO8824,HB,6433,,,,,+445
8105 ,8105,47VEB6482,,11,+223,,501HO8824,HOLSTEINS,6473,,,,,+445
8149 ,8149,47VEB6620,,11,+223,,501HO8824,HOLSTEIN,6516,,,,,+445
8158 ,8158,47VEB6613,,10,+223,,501HO8824,HOLSTEINS,6524,,,,,+445
8206 ,8206,47VEB6538,,10,+223,,1HO7127,11HO9158,4461,+581,+26,+17,-7,+453
8422 ,8422,47VFF1002,,7,+223,,1HO2641,,5384,,,,,+446
8458 ,8458,47VFF1021,,6,+223,,1HO7290,9HO2299,2539,-501,+16,-10,-24,+470
8701 ,8701,000000000,,3,+223,,1HO2641,,4601,,,,,+446
7392 ,7392,47VCP2446,,21,+221,4-17,1HO7690,14HO2736,5264,+526,+14,+6,+228,+214
7956 ,7956,47VEB6378,,13,+221,,1HO8430,1HO2406,5770,+86,+14,+6,+89,+353
8595 ,8595,000000000,,4,+221,,1HO9554,11HO7741,6320,-163,-19,-1,+21,+420
7788 ,7788,000000000,,16,+220,9-15,507HO7466,203HO421,6225,+205,+12,+7,+192,+247
8093 ,8093,47VEB6487,,12,+220,,1HO8523,1HO7235,5968,-149,+11,-3,+127,+312
8411 ,8411,47VEB6972,,7,+220,,1HO8562,,1642,,,,,+439
8486 ,8486,47VEB6992,,6,+220,,1HO8562,,3774,,,,,+439
8648 ,8648,000000000,,3,+220,,1HO8562,,4446,,,,,+439
7537 ,7537,47VCP2609,,19,+219,7-02,501HO6845,507HO7043,6149,+812,-29,+17,+96,+342
7619 ,7619,000000000,,18,+219,7-20,1HO9592,,3542,,,,,+438
7629 ,7629,47VEB5301,,18,+219,8-19,1HO9592,,4566,,,,,+438
7699 ,7699,47VEB5296,,17,+219,8-19,7HO7615,,3774,,,,,+437
7757 ,7757,47VEB5530,,16,+219,8-29,7HO7615,HB,5674,,,,,+437
7791 ,7791,000000000,,16,+219,9-29,1HO9915,14HO2736,5270,+63,+8,-2,+146,+291
7796 ,7796,000000000,,16,+219,9-27,501HO6845,29HO10792,6191,-142,+4,+2,+95,+342
7834 ,7834,000000000,,15,+219,,7HO7615,,5649,,,,,+437
7840 ,7840,47VEB6093,,15,+219,,7HO7615,,4401,,,,,+437
7847 ,7847,47VEB6067,,15,+219,10-12,7HO7615,,3551,,,,,+437
8044 ,8044,47VEB6497,,12,+219,,1HO7169,1HO6360,5182,-1132,-35,-29,-17,+455
8506 ,8506,47VFF1151,,6,+219,,1HO2660,,3817,,,,,+438
7887 ,7887,47VEB6023,,14,+218,,1HO2582,,2365,,,,,+435
7979 ,7979,47VEB6363,,13,+218,,501HO8598,29HO10818,6395,+189,-2,+1,+179,+256
8174 ,8174,47VEB6590,,10,+218,,501HO8407,1HO6939,6646,-302,+21,+2,+97,+338
8733 ,8733,000000000,,2,+218,,1HO8328,1HO5663,6328,+933,+5,+24,+147,+288
7465 ,7465,47VCP2621,,20,+217,7-16,1HO9670,1HO6802,5209,+1100,-3,+25,+228,+206
7528 ,7528,47VCP2934,,19,+217,7-12,501HO8328,1HO7235,6137,+375,+5,+9,+145,+288
7886 ,7886,47VEB6069,,14,+217,,1HO8827,1HO5702,2718,-201,+22,-15,-36,+470
8654 ,8654,000000000,,3,+217,,1HO8878,11HO5534,4315,-72,-4,+2,+154,+280
7028 ,7028,47VCP1757,,26,+216,1-27,1HO6987,11HO8624,4464,+30,+10,+14,+112,+320
7482 ,7482,47VCP2667,,20,+216,6-08,1HO6776,1HO6360,5411,+181,-10,+2,+213,+218
8200 ,8200,47VEB6548,,10,+216,,1HO8407,1HO7127,5966,+330,+15,+7,+94,+338
8615 ,8615,000000000,,4,+216,,1HO8764,14HO3751,5709,-217,-41,+0,-83,+514
8745 ,8745,000000000,,2,+216,,1HO8328,1HO5697,5199,+352,+9,+12,+143,+288
8750 ,8750,000000000,,2,+216,,1HO2562,29HO10321,5453,-413,+22,+1,+79,+352
7153 ,7153,47VCP2260,,24,+215,2-07,501HO7467,1HO2406,5837,+891,+28,+21,+202,+228
7444 ,7444,47VCP2608,,20,+215,5-25,29HO10124,,4445,,,,,+430
7718 ,7718,47VEB5309,,17,+215,10-13,1HO7169,1HO5315,5531,+289,+17,+10,-25,+455
7780 ,7780,000000000,,16,+215,9-12,777HO5049,7HO6417,6254,-42,+33,+13,+429,
8038 ,8038,47VEB6514,,12,+215,,1HO2564,,5823,,,,,+429
8066 ,8066,47VEB6519,,12,+215,,1HO2610,,5376,,,,,+430
8107 ,8107,47VEB6477,,11,+215,,1HO2564,203HO486,5958,,,,,+429
8153 ,8153,47VEB6621,,10,+215,,1HO9949,,4366,,,,,+430
8155 ,8155,47VEB6554,,10,+215,,1HO2610,,2378,,,,,+430
7416 ,7416,47VCP2386,,21,+214,4-27,1HO9666,1HO2406,5176,+470,+3,+22,+98,+329
8339 ,8339,47VEB6868,,8,+214,,1HO7336,1HO5663,5820,+652,+9,+16,+237,+190
8408 ,8408,47VEB6961,,7,+214,,751HO8812,1HO9344,6724,+342,+38,+17,+132,+296
8519 ,8519,47VFF1177,,5,+214,,751HO8764,7HO6838,6775,-255,-15,-7,-86,+514
6999 ,6999,47VCP1752,,26,+213,5-22,1HO2406,14HO3597,5162,+462,+9,+4,+203,+222
7162 ,7162,47VCP2213,,24,+212,2-11,1HO6833,14HO3751,5778,+111,+9,+7,+38,+386
7438 ,7438,47VCP2607,,20,+212,5-12,501HO8328,3HO5678,6074,-1,+9,+5,+136,+288
7896 ,7896,47VEB6080,,14,+212,,1HO9932,1HO5626,2420,+194,-11,+9,+80,+344
8189 ,8189,47VEB6552,,10,+212,,501HO6845,1HO7127,6577,+26,+12,+8,+81,+342
8197 ,8197,47VEB6543,,10,+212,,1HO6987,1HO6671,5393,+175,+0,+6,+104,+320
8281 ,8281,000000000,,9,+212,,1HO9309,1HO6360,5131,-575,-21,-10,+173,+250
7411 ,7411,47VCP2415,,21,+211,5-25,1HO5663,29HO10483,5386,-384,+16,-2,+156,+266
7586 ,7586,47VCP2927,,19,+211,7-01,501HO6845,1HO5663,6179,+497,+7,+7,+80,+342
7740 ,7740,000000000,,17,+210,8-13,1HO7900,,4354,,,,,+420
7824 ,7824,000000000,,15,+210,9-27,1HO7900,,5631,,,,,+420
7916 ,7916,47VEB6382,,14,+210,,501HO6845,1HO9134,6369,+614,+16,+11,+78,+342
8328 ,8328,47VEB6880,,8,+210,,HB,7HO6417,6597,+109,+9,+19,+419,
7060 ,7060,47VCP2039,,25,+209,1-13,501HO7290,14HO3751,5777,-304,-1,+2,-53,+470
7280 ,7280,47VCP2430,,23,+209,4-10,507HO6838,1HO7235,5912,+839,+35,+31,+190,+227
8184 ,8184,47VEB6607,,10,+209,,1HO8664,1HO8912,6013,-48,+2,-4,+47,+371
8344 ,8344,47VEB6848,,8,+209,,1HO9395,14HO3367,2839,-404,-8,+0,+14,+403
8462 ,8462,47VFF1023,,6,+209,,1HO9673,1HO7169,6634,,,,,+417
8463 ,8463,47VEB6988,,6,+209,,1HO9673,1HO7169,6634,,,,,+417
8466 ,8466,47VEB6981,,6,+209,,1HO9673,1HO7169,6634,,,,,+417
8474 ,8474,47VFF1031,,6,+209,,1HO9673,1HO7169,6634,,,,,+417
8481 ,8481,47VFF1004,,6,+209,,1HO9673,1HO7169,6634,,,,,+417
8491 ,8491,47VFF1162,,6,+209,,1HO9673,1HO6833,6691,,,,,+417
8005 ,8005,47VEB6410,,13,+208,,1HO7794,1HO8451,5110,+246,+6,+10,+93,+322
7281 ,7281,000000000,,23,+207,5-10,1HO7127,1HO5588,5945,-21,-18,-3,-40,+453
7492 ,7492,47VCP2632,,20,+207,7-15,97HO1608,,5364,,,,,+414
7753 ,7753,47VEB5286,,16,+207,9-01,97HO1608,7HO7011,5485,-76,-6,-3,-1,+414
8086 ,8086,47VEB6489,,12,+207,,1HO7691,1HO5588,2928,+999,+10,+23,+115,+299
8139 ,8139,47VEB6547,,11,+207,,1HO8328,203HO421,5312,+422,+2,+8,+125,+288
8309 ,8309,47VEB6886,,8,+207,,751HO9208,JERSEYS,6576,,,,,+413
8336 ,8336,47VEB6846,,8,+207,,751HO9208,,6670,,,,,+413
8354 ,8354,47VEB6877,,8,+207,,1HO9457,93JE3083,5996,,,,,+414
8363 ,8363,47VEB6904,,8,+207,,751HO9208,1HO6883,6664,,,,,+413
8543 ,8543,000000000,,5,+207,,751HO9208,,6815,,,,,+413
8548 ,8548,000000000,,5,+207,,751HO9208,,6834,,,,,+413
8554 ,8554,000000000,,5,+207,,751HO9208,29HO10493,6810,,,,,+413
8766 ,8766,000000000,,1,+207,,751HO9208,1HO7767,6986,,,,,+413
8771 ,8771,000000000,,1,+207,,751HO9208,7HO6168,7090,,,,,+413
8795 ,8795,000000000,,1,+207,,751HO9208,1HO7169,7096,,,,,+413
8815 ,8815,000000000,,1,+207,,751HO9208,507HO6168,7061,,,,,+413
7181 ,7181,000000000,,24,+206,2-15,7HO6838,7HO6417,5058,-323,+7,+7,+184,+227
7512 ,7512,47VCP2624,,20,+206,6-22,29HO9155,1HO5702,5366,+1162,+40,+26,+191,+220
7513 ,7513,47VEB5262,,20,+206,6-20,29HO9155,1HO5702,5366,+1162,+40,+26,+191,+220
7748 ,7748,000000000,,16,+206,9-16,1HO2505,,3928,,,,,+412
8164 ,8164,47VEB6565,,10,+206,,1HO2599,,5857,,,,,+412
8605 ,8605,000000000,,4,+206,,1HO2566,9HO2575,2723,-239,-50,-3,+67,+345
8650 ,8650,000000000,,3,+206,,1HO9925,,4431,,,,,+411
7400 ,7400,47VCP2295,,21,+205,4-13,7HO7602,203HO421,5309,+1126,+27,+25,+240,+169
7669 ,7669,47VEB5260,,17,+205,8-01,1HO6827,1HO2406,5610,+157,+11,+5,+31,+378
8567 ,8567,000000000,,5,+205,,HB,1HO7290,6785,+471,+84,+28,+409,
7173 ,7173,47VCP2220,,24,+204,2-28,29HO11396,14HO3831,5279,+856,+34,+18,+226,+182
7501 ,7501,47VCP2591,,20,+204,6-01,1HO6776,1HO2394,5440,-20,+18,+7,+190,+218
7589 ,7589,47VCP2910,,19,+204,7-09,501HO7094,14HO4099,6189,+444,-30,+25,+165,+243
8016 ,8016,47VEB6372,,13,+204,,1HO9952,1HO5551,2483,-443,-19,-16,-183,+591
7901 ,7901,47VEB6096,,14,+203,,1HO2585,203HO421,5314,+945,+30,+19,+181,+225
7972 ,7972,47VEB6346,,13,+203,,1HO9541,1HO5702,2838,+251,+11,-4,+20,+385
8294 ,8294,47VEB6888,,9,+203,,1HO8430,29HO10792,5937,-160,-5,+4,+53,+353
7762 ,7762,000000000,,16,+202,8-31,529HO11609,7HO5605,6175,+112,+23,+0,+85,+319
8209 ,8209,47VEB6576,,10,+202,,1HO2560,,2298,,,,,+403
8274 ,8274,000000000,,9,+202,,1HO2560,,4084,,,,,+403
7480 ,7480,47VCP2605,,20,+201,6-05,1HO9670,9HO2575,5149,+135,-4,+3,+196,+206
7120 ,7120,47VCP2094,,25,+200,4-01,501HO7290,14HO3751,5733,-782,-4,-10,-70,+470
7131 ,7131,47VCP2044,,24,+200,1-17,1HO6721,1HO2406,5836,+297,-1,+9,+80,+319
7204 ,7204,47VCP2216,,24,+200,2-17,1HO9623,7HO6349,2849,+474,+43,+23,+79,+320
7839 ,7839,47VEB6086,,15,+200,,1HO6845,1HO7512,2409,+1021,+1,+21,+57,+342
7760 ,7760,000000000,,16,+198,,29HO11609,507HO6695,6238,-448,+36,-10,+76,+319
7895 ,7895,47VEB6053,,14,+198,,1HO8782,,2458,,,,,+396
8033 ,8033,47VEB6462,,12,+198,,1HO8782,,2536,,,,,+396
8257 ,8257,000000000,,9,+198,,1HO9309,1HO5588,5987,+987,+9,+24,+146,+250
7424 ,7424,47VCP2413,,21,+197,4-20,1HO9498,1HO6802,5092,+786,+1,+9,+151,+243
8597 ,8597,000000000,,4,+197,,1HO2644,507HO7173,6198,+123,+12,+4,+135,+259
7607 ,7607,000000000,,18,+196,,507HO8165,UNKNOWN,5973,,,,,+391
8118 ,8118,47VEB6555,,11,+196,,1HO2665,HB,5489,,,,,+391
8670 ,8670,000000000,,3,+196,,1HO7794,203HO466,5558,+110,-19,-8,+69,+322
7234 ,7234,47VCP2267,,23,+195,3-02,1HO7690,1HO6802,5094,+629,+15,+13,+175,+214
7539 ,7539,47VCP2577,,19,+195,7-07,507HO6838,1HO7235,6093,+589,+18,+15,+162,+227
8027 ,8027,47VEB6367,,12,+195,,1HO2621,,5828,,,,,+390
8036 ,8036,47VEB6516,,12,+195,,1HO2621,,4576,,,,,+390
7454 ,7454,47VCP2604,,20,+194,7-20,1HO9672,,4133,,,,,+388
7472 ,7472,47VEB5280,,20,+194,6-03,1HO9672,,4562,,,,,+388
8813 ,8813,000000000,,1,+194,,1HO2687,,4553,,,,,+388
7183 ,7183,47VCP2240,,24,+193,2-19,1HO6833,1JE480,5796,,,,,+386
7240 ,7240,47VCP2237,,23,+193,2-20,1HO6833,,5065,,,,,+386
7273 ,7273,000000000,,23,+193,3-04,1HO6833,,4386,,,,,+386
7452 ,7452,47VCP2561,,20,+193,6-15,1HO6833,,4423,,,,,+386
7814 ,7814,47VEB6076,,15,+193,9-25,1HO9541,,4385,,,,,+385
7872 ,7872,47VEB6058,,15,+193,,14HO4239,,1983,,,,,+386
7876 ,7876,47VEB6056,,15,+193,,1HO6833,,4365,,,,,+386
7911 ,7911,47VEB6051,,14,+193,,1HO9541,,4442,,,,,+385
7932 ,7932,47VEB6337,,14,+193,,501HO8598,1HO6721,6376,-90,+1,-5,+129,+256
8015 ,8015,47VEB6368,,13,+193,,501HO6833,HB,6438,,,,,+386
8082 ,8082,47VEB6502,,12,+193,,501HO6833,183HO169,6428,,,,,+386
8288 ,8288,000000000,,9,+193,,1HO7336,9HO2575,5149,+135,-4,+3,+196,+190
8372 ,8372,47VEB6882,,7,+193,,1HO8430,11HO6159,6082,+327,-4,+7,+33,+353
7401 ,7401,47VCP2452,,21,+192,7-06,507HO6838,1HO7235,6003,+489,+13,+21,+157,+227
8260 ,8260,000000000,,9,+191,,1HO2576,7HO6247,2280,-158,-36,-20,-129,+511E
7014 ,7014,47VCP1744,,26,+190,2-20,507HO6168,11HO7319,5657,+410,+14,+18,+148,+232
7243 ,7243,000000000,,23,+190,2-24,1HO7690,7HO6168,2529,-13,+9,+20,+165,+214
7309 ,7309,000000000,,22,+190,4-19,1HO5663,1HO6360,2751,-173,-33,-5,+113,+266
7343 ,7343,000000000,,22,+190,4-08,29HO11396,203HO421,5307,+536,+7,+13,+198,+182
8072 ,8072,47VEB6526,,12,+190,,1HO8772,1HO6149,2577,+388,+2,+14,+11,+368
8230 ,8230,000000000,,10,+190,,1HO8430,11HO7318,5990,+811,+31,+20,+27,+353
8278 ,8278,000000000,,9,+190,,1HO2609,1HO2406,5981,-401,-33,-6,+47,+333
8679 ,8679,000000000,,3,+190,,1HO9994,7HO6695,5621,-170,+9,-2,+8,+372
7132 ,7132,47VCP2016,,24,+189,2-25,1HO6827,,2298,,,,,+378
7407 ,7407,47VCP2385,,21,+189,4-26,1HO9477,1HO2406,5327,+391,+4,+12,+17,+361
7484 ,7484,47VCP2563,,20,+189,8-01,1HO6827,,4238,,,,,+378
7535 ,7535,000000000,,19,+189,,1HO6827,,2789,,,,,+378
7536 ,7536,47VCP2574,,19,+189,6-24,1HO6827,,4578,,,,,+378
7730 ,7730,000000000,,17,+189,10-11,1HO6827,,2407,,,,,+378
7848 ,7848,47VEB6085,,15,+189,10-13,1HO6827,,5694,,,,,+378
7879 ,7879,47VEB6061,,15,+189,,1HO6827,,4469,,,,,+378
8402 ,8402,47VEB6998,,7,+189,,1HO9390,203HO486,5953,,,,,+378
8671 ,8671,000000000,,3,+189,,1HO2678,1HO8972,6183,-465,+3,-15,+49,+329
7883 ,7883,47VEB6077,,14,+188,,501HO6987,507HO7379,6322,-169,+16,-2,+55,+320
8217 ,8217,000000000,,10,+188,,507HO7466,507HO6168,6575,-326,-2,+4,+128,+247
8593 ,8593,000000000,,4,+188,,1HO2672,,4242W,,,,,+376
8757 ,8757,000000000,,2,+188,,1HO2672,,4426,,,,,+376
7456 ,7456,47VCP2613,,20,+187,5-29,1HO9659,,3677,,,,,+374
7467 ,7467,47VCP2599,,20,+187,6-08,7HO6168,1HO5626,2401,-121,+2,+6,+142,+232
7485 ,7485,47VCP2583,,20,+187,6-01,7HO7482,1HO5588,5986,+390,-4,+3,-36,+409
8224 ,8224,000000000,,10,+187,,507HO7466,1HO7127,6590,+704,+4,+27,+126,+247
8308 ,8308,47VEB6860,,8,+187,,1HO6776,29HO10483,5386,-384,+16,-2,+156,+218
8608 ,8608,000000000,,4,+187,,1HO9659,1HO7127,6849,,,,,+374
8719 ,8719,000000000,,2,+187,,1HO9659,1HO7840,6982,,,,,+374
8765 ,8765,000000000,,1,+187,,1HO9659,1HO6939,6980,,,,,+374
7423 ,7423,47VCP2418,,21,+186,4-26,501HO7169,11HO4338,6048,+342,+0,+11,-84,+455
7476 ,7476,47VCP2673,,20,+186,5-25,507HO7466,1HO8867,6104,+34,+17,+8,+125,+247
7942 ,7942,47VEB6380,,14,+186,,1HO8664,,5707,,,,,+371
7995 ,7995,47VEB6340,,13,+186,,1HO8664,,5846,,,,,+371
7998 ,7998,47VEB6339,,13,+186,,1HO8664,,5849,,,,,+371
7999 ,7999,47VEB6345,,13,+186,,1HO8664,,5849,,,,,+371
8074 ,8074,47VEB6491,,12,+186,,1HO8664,,5984,,,,,+371
8482 ,8482,47VEB6968,,6,+186,,1HO2676,1HO1028,2096,-73,-17,-3,-78,+450
7727 ,7727,47VEB5324,,17,+185,8-16,501HO6987,1HO8972,6183,-465,+3,-15,+49,+320
8050 ,8050,47VEB6448,,12,+185,,1HO7336,29HO10321,5154,+902,+15,+26,+180,+190
7186 ,7186,47VCP2203,,24,+184,2-17,1HO7624,11HO5183,5188,-300,-25,-3,+130,+238
7187 ,7187,47VCP2257,,24,+184,,1HO7624,11HO5183,5188,-300,-25,-3,+130,+238
7241 ,7241,47VCP2258,,23,+184,3-02,501HO8717,203HO486,5962,,,,,+368
7350 ,7350,47VCP2458,,22,+184,4-21,1HO6776,14HO4372,2850,+791,+23,+31,+150,+218
7439 ,7439,47VCP2436,,20,+184,5-12,501HO8717,29HO10483,5916,,,,,+368
7894 ,7894,47VEB6074,,14,+184,,1HO9541,29HO10302,5784,-191,-21,-7,-18,+385
8558 ,8558,000000000,,5,+184,,1HO7624,29HO10124,6270,+3,+10,+2,+130,+238
7222 ,7222,47VCP2264,,23,+183,2-17,507HO6838,1HO6959,5910,+349,+21,+17,+138,+227
7355 ,7355,000000000,,22,+183,3-29,1HO5045,14HO3831,5915,+1438,+12,+33,+27,+338
8081 ,8081,47VEB6468,,12,+183,,501HO8598,507HO6838,6418,+470,+26,+11,+110,+256
7268 ,7268,000000000,,23,+182,,507HO6168,29HO9155,5972,-20,+23,+12,+131,+232
7782 ,7782,000000000,,16,+182,9-29,1HO6833,1HO8581,5585,-967,-1,-10,-23,+386
7988 ,7988,47VEB6392,,13,+182,,1HO2609,7HO6695,5618,-325,+29,-2,+30,+333
8391 ,8391,47VEB6847,,7,+182,,HB,29HO10124,6635,+519,+24,+21,+364,
8653 ,8653,000000000,,3,+182,,1HO7094,7HO7264,5684,-78,+18,-4,+121,+243
7115 ,7115,47VCP2040,,25,+181,1-28,1HO6939,1HO6360,2951,-375,-28,-9,+114,+247
7386 ,7386,47VCP2457,,21,+181,4-12,1HO7235,29HO9155,5922,-205,+5,+0,-6,+368
8161 ,8161,47VEB6572,,10,+181,,501HO6845,7HO6782,6586,-585,-13,-7,+20,+342
8737 ,88737,000000000,,2,+181,,1HO8328,7HO6695,5769,-42,+18,+0,+74,+288
7326 ,7326,47VCP2378,,22,+180,4-01,29HO11396,14HO3597,5362,+231,-10,-7,+177,+182
8310 ,8310,47VEB6875,,8,+180,,HB,1HO6721,6618,+140,+28,+11,+359,
7516 ,7516,47VCP2582,,20,+179,6-20,7HO6168,1HO6802,5195,+848,-16,+15,+125,+232
7732 ,7732,000000000,,17,+179,8-31,507HO6838,29HO10124,6270,+3,+10,+2,+130,+227
8254 ,8254,000000000,,9,+179,,751HO8812,1HO9319,6608,-430,+21,-12,+62,+296
8333 ,8333,47VEB6851,,8,+179,,1HO6987,1HO5624,2791,+237,+3,+14,+37,+320
8764 ,8764,000000000,,1,+179,,1HO9593,1HO9121,6304,-59,-16,-8,-34,+391
7729 ,7729,47VEB5298,,17,+178,9-03,1HO2577,1HO2406,5035,+1127,+35,+30,+198,+157
8343 ,8343,47VEB6890,,8,+178,,1HO7352,1HO7235,6137,+375,+5,+9,+145,+211
8384 ,8384,47VEB6831,,7,+178,,1HO9604,1HO6802,5195,+848,-16,+15,+125,+230
7196 ,7196,47VCP2239,,24,+177,2-18,501HO6987,29HO10302,5903,-120,-20,-4,+34,+320
7455 ,7455,47VCP2610,,20,+177,5-25,501HO6845,1HO5663,6111,+54,+2,+2,+12,+342
7486 ,7486,47VCP2566,,20,+177,6-08,1HO9667,14HO3367,2900,+230,+16,+17,+115,+239
7829 ,7829,000000000,,15,+177,,7HO7615,14HO3751,5709,-217,-41,+0,-83,+437
7955 ,7955,47VEB6386,,13,+177,,501HO8598,1HO9154,6416,+106,+19,+8,+98,+256
8114 ,8114,47VEB6490,,11,+177,,1HO9696,,4519,,,,,+353
8126 ,8126,47VEB6494,,11,+177,,1HO9696,,3979,,,,,+353
8135 ,8135,47VEB6536,,11,+177,,1HO9696,,4498,,,,,+353
8196 ,8196,47VEB6561,,10,+177,,1HO8430,,4538,,,,,+353
7192 ,7192,47VCP2202,,24,+176,2-25,1HO9484,9HO2575,2925,+571,+9,+14,+221,+130
7395 ,7395,47VCP2297,,21,+176,,1HO9476,,4349,,,,,+352
7820 ,7820,47VEB6064,,15,+176,9-25,507HO7466,1HO5663,6278,+299,+0,+13,+104,+247
8752 ,8752,000000000,,2,+176,,1HO2562,,4494,,,,,+352
7855 ,7855,47VEB6033,,15,+175,,1HO6845,1HO1028,2104,+687,+2,+12,+7,+342
7973 ,7973,47VEB6401,,13,+175,,1HO8328,1HO5697,5151,+151,-7,+3,+61,+288
8043 ,8043,47VEB6507,,12,+175,,HB,1HO7127,6436,+1042,+41,+38,+350,
8056 ,8056,47VEB6511,,12,+175,,1HO8407,11HO5293,1921,-577,-18,-14,+12,+338
7076 ,7076,47VCP2093,,25,+174,3-03,507HO6168,1HO5663,5755,-60,-9,+7,+115,+232
7347 ,7347,47VCP2437,,22,+174,7-16,501HO7467,1HO8855,6035,+334,+5,+7,+119,+228
7348 ,7348,47VCP2578,,22,+174,7-08,501HO7467,1HO8855,6035,+334,+5,+7,+119,+228
7415 ,7415,47VCP2569,,21,+174,5-22,501HO7094,29HO10302,5964,+296,-10,+2,+104,+243
8253 ,8253,000000000,,9,+174,,HB,507HO6168,6483,+434,+33,+32,+348,
7199 ,7199,47VCP2205,,24,+173,5-09,7HO6168,1HO6671,2941,+679,+19,+18,+114,+232
7248 ,7248,000000000,,23,+173,6-08,501HO7467,7HO6695,5905,+39,+45,+3,+117,+228
7336 ,7336,47VCP2380,,22,+173,4-21,501HO7467,1HO7127,5928,+788,+19,+31,+118,+228
7409 ,7409,47VCP2395,,21,+173,4-27,507HO6838,1HO6802,6061,+1097,+1,+22,+118,+227
8555 ,8555,000000000,,5,+173,,1HO2566,,4406,,,,,+345
8658 ,8658,000000000,,3,+173,,1HO2622,11HO5153,2208,+842,+15,+19,+74,+271
7155 ,7155,47VCP2247,,24,+172,1-28,29HO11396,1HO6671,5183,-100,+5,+6,+161,+182
7238 ,7238,47VCP2226,,23,+172,4-01,501HO6845,29HO9155,5807,+9,-12,+3,+1,+342
7871 ,7871,47VEB6057,,15,+172,,7HO8175,29HO10321,5421,+143,+25,+7,+154,+190
8204 ,8204,47VEB6589,,10,+172,,HB,507HO6838,6545,+1394,+59,+41,+344,
6914 ,6914,47VBY9800,,27,+171,1-20,1HO7290,11HO7837,4329,-164,-19,-13,-128,+470
7460 ,7460,47VCP2597,,20,+171,7-22,501HO6845,11HO6377,6006,,,,,+342
7461 ,7461,47VCP2565,,20,+171,5-21,501HO6845,11HO6377,6006,,,,,+342
7514 ,7514,47VCP2663,,20,+171,6-20,501HO8328,1HO5663,6083,-94,+9,-9,+54,+288
7724 ,7724,000000000,,17,+171,9-13,501HO6845,,6207,,,,,+342
7731 ,7731,000000000,,17,+171,8-18,1HO6845,,4608,,,,,+342
7754 ,7754,47VEB5282,,16,+171,9-21,1HO6845,,3809,,,,,+342
7765 ,7765,000000000,,16,+171,10-05,1HO6845,,4218,,,,,+342
7800 ,7800,000000000,,16,+171,9-28,14HO4239,1HO7376,2325,+211,+13,+0,-45,+386
7816 ,7816,000000000,,15,+171,9-29,1HO6845,,4593,,,,,+342
8007 ,8007,47VEB6396,,13,+171,,1HO7336,9HO2575,2665,-289,-15,-15,+151,+190
8061 ,8061,47VEB6493,,12,+171,,501HO6845,,6523,,,,,+342
8062 ,8062,47VEB6467,,12,+171,,501HO6845,1HO8663,6435,,,,,+342
8272 ,8272,000000000,,9,+171,,1HO8328,29HO10321,5117,-6,+1,+5,+53,+288
8748 ,8748,000000000,,2,+171,,1HO6845,,4358,,,,,+342
8778 ,8778,000000000,,1,+171,,1HO6845,507HO6695,6174,,,,,+342
8146 ,8146,47VEB6600,,11,+170,,1HO8523,14HO3831,5915,+1438,+12,+33,+27,+312
7114 ,7114,47VCP2024,,25,+169,1-29,1HO9601,UNKNOWN,5023,,,,,+337
7121 ,7121,47VCP2061,,25,+169,2-02,1HO9601,,4366,,,,,+337
7149 ,7149,47VCP2230,,24,+169,2-23,1HO9601,,4420,,,,,+337
7308 ,7308,000000000,,22,+169,5-09,507HO6838,29HO10302,5861,+822,-9,+19,+111,+227
7959 ,7959,47VEB6398,,13,+169,,501HO8407,HB,6421,,,,,+338
7965 ,7965,47VEB6384,,13,+169,,501HO8407,7HO5605,6388,,,,,+338
8042 ,8042,47VEB6474,,12,+169,,1HO8407,,2630,,,,,+338
8099 ,8099,47VEB6475,,11,+169,,501HO8407,,6467,,,,,+338
8035 ,8035,47VEB6484,,12,+168,,HB,14HO3597,6397,+962,+3,+17,+335,
8173 ,8173,47VEB6615,,10,+168,,1HO8430,1HO5624,2655,+8,-1,+2,-17,+353
8566 ,8566,000000000,,5,+168,,1HO9954,29HO10302,5861,+822,-9,+19,+111,+224
7080 ,7080,47VCP2092,,25,+167,1-15,1HO7767,1HO6802,5093,-103,-33,-11,+0,+333
7490 ,7490,47VCP2622,,20,+167,8-04,1HO7767,,3960,,,,,+333
8025 ,8025,47VEB6464,,12,+167,,1HO7691,9HO2575,5100,-796,-34,-17,+34,+299
8143 ,8143,47VEB6608,,11,+167,,1HO8523,11HO6377,5989,+666,+7,+7,+21,+312
8208 ,8208,47VEB6553,,10,+167,,1HO7127,11HO5183,5234,-468,-52,-12,-120,+453
8303 ,8303,000000000,,9,+167,,1HO2609,,2615,,,,,+333
8320 ,8320,47VEB6869,,8,+167,,1HO2609,,4395,,,,,+333
8401 ,8401,47VEB6986,,7,+167,,1HO9457,7HO5710,2555,-518,-10,-15,-80,+414
8453 ,8453,47VEB6987,,6,+167,,1HO2609,UNKNOWN,2860,,,,,+333
7421 ,7421,47VCP2419,,21,+166,,1HO9531,122HO7,4275,+133,+10,+2,-1,+332
7774 ,7774,000000000,,16,+166,10-05,7HO7615,1HO5588,5538,-273,-21,-11,-106,+437
8213 ,8213,000000000,,10,+166,,1HO7336,7HO6168,2519,-210,-5,+7,+141,+190
8561 ,8561,000000000,,5,+166,,1HO2699,,4596,,,,,+332
8669 ,8669,000000000,,3,+166,,1HO2699,,4571,,,,,+332
7064 ,7064,47VCP2095,,25,+165,2-24,1HO5433,,4524,,,,,+329
7276 ,7276,000000000,,23,+165,3-01,1HO6943,1HO6360,2949,-554,-22,-14,+129,+200
7900 ,7900,47VEB6025,,14,+165,,1HO5433,,2690,,,,,+329
8094 ,8094,47VEB6461,,12,+165,,1HO9309,1HO2406,5836,+297,-1,+9,+80,+250
8337 ,8337,47VEB6897,,8,+165,,1HO9393,,4394,,,,,+329
7251 ,7251,000000000,,23,+164,3-19,1HO9633,,4493,,,,,+328
8225 ,8225,000000000,,10,+164,,1HO6776,1HO5583,2857,-112,-6,+10,+109,+218
8313 ,8313,47VEB6901,,8,+164,,507HO7466,1HO6833,6596,-232,-12,-9,+81,+247
7763 ,7763,47VEB5271,,16,+163,8-27,1HO2584,,4611,,,,,+325
8572 ,8572,000000000,,5,+163,,1HO2584,,4608,,,,,+325
7290 ,7290,000000000,,22,+162,5-01,1HO7336,1HO8851,6008,+131,+8,+8,+133,+190
8018 ,8018,47VEB6376,,13,+162,,1HO2662,,5716,,,,,+323
8122 ,8122,47VEB6454,,11,+162,,1HO7352,1HO6360,2751,-173,-33,-5,+113,+211
8199 ,8199,47VEB6568,,10,+162,,1HO2557,11HO5183,5128,+49,-18,+9,+66,+258
8674 ,8674,000000000,,3,+162,,1HO2443,,5637,,,,,+324
7126 ,7126,47VCP2045,,24,+161,5-09,501HO6721,1HO2406,5775,+460,-12,+10,+2,+319
7216 ,7216,47VCP2271,,23,+161,3-02,7HO6168,11HO4662,1712,+488,-17,+24,+90,+232
8195 ,8195,47VEB6586,,10,+161,,1HO7794,,4349,,,,,+322
8330 ,8330,47VEB6827,,8,+161,,1HO7794,,2281,,,,,+322
8539 ,8539,47VFF1136,,5,+161,,1HO9954,14HO3597,2974,-44,-19,-5,+98,+224
8540 ,8540,47VFF1169,,5,+161,,1HO9954,14HO3597,2974,-44,-19,-5,+98,+224
8718 ,8718,000000000,,2,+161,,1HO7691,1HO8981,6324,-185,+0,-2,+23,+299
7042 ,7042,47VCP2038,,25,+160,1-15,1HO6987,,4498,,,,,+320
7158 ,7158,47VCP2242,,24,+160,2-09,507HO6168,29HO9155,5862,+554,+1,+22,+87,+232
7163 ,7163,47VCP2221,,24,+160,2-17,501HO6987,203HO486,5958,,,,,+320
7188 ,7188,47VCP2272,,24,+160,4-10,501HO6987,,5857,,,,,+320
7236 ,7236,000000000,,23,+160,3-08,1HO6987,,3939,,,,,+320
7524 ,7524,47VCP2657,,20,+160,7-05,501HO7467,1HO8903,6019,+163,-10,+11,+91,+228
8095 ,8095,47VEB6471,,12,+160,,1HO6987,,5391,,,,,+320
8232 ,8232,000000000,,10,+160,,1HO9915,14HO3160,2572,+100,+7,+3,+28,+291
8350 ,8350,47VEB6837,,8,+160,,1HO6987,,4588,,,,,+320
8747 ,8747,000000000,,2,+160,,1HO9999,,4603,,,,,+320
8769 ,8769,000000000,,1,+160,,1HO9999,11HO5153,2155,,,,,+320
8825 ,8825,000000000,,,+160,,1HO9988,203HO486,5962,,,,,+320
7062 ,7062,47VCP2025,,25,+159,1-17,501HO7467,1HO2406,5770,+86,+14,+6,+89,+228
7077 ,7077,47VCP2081,,25,+159,4-11,1HO9617,,4062,,,,,+317
7078 ,7078,47VCP2023,,25,+159,1-25,1HO9617,,4062,,,,,+317
8041 ,8041,000000000,,12,+159,,1HO7169,11HO7491,4302,+326,+11,+6,-137,+455
8096 ,8096,47VEB6504,,12,+159,,1HO2605,,2977,,,,,+318
8193 ,8193,000000000,,10,+159,,501HO6833,1HO9316,6583,-91,-15,+0,-68,+386
8286 ,8286,000000000,,9,+159,,1HO2605,,4531,,,,,+318
8816 ,8816,000000000,,1,+159,,1HO7691,7HO5605,6358,-264,-3,-2,+19,+299
7369 ,7369,47VCP2405,,22,+158,6-26,1HO9665,1HO3895,2328,+176,+3,+10,+22,+294
7111 ,7111,47VCP2085,,25,+157,2-01,501HO6987,11HO7319,5860,-476,-13,-9,-7,+320
7242 ,7242,47VCP2211,,23,+157,3-01,501HO6833,507HO6838,5875,-74,+3,-10,-72,+386
7807 ,7807,000000000,,15,+157,9-27,1HO2567,1HO4307,2656,-547,-12,-18,-135,+449
7160 ,7160,47VCP2265,,24,+156,3-09,1HO6776,1HO8451,5110,+246,+6,+10,+93,+218
7957 ,7957,47VEB6375,,13,+156,,1HO6776,7HO6349,5045,-252,+22,+6,+94,+218
8166 ,8166,47VEB6601,,10,+156,,1HO8523,93JE3083,6012,,,,,+312
8172 ,8172,47VEB6593,,10,+156,,1HO8523,1HO7235,6014,,,,,+312
8317 ,8317,47VEB6902,,8,+156,,1HO8523,,5835,,,,,+312
8416 ,8416,47VFF1005,,7,+156,,1HO8523,,6067,,,,,+312
8511 ,8511,47VFF1141,,6,+156,,7HO6838,1HO7235,6221,+60,+10,+6,+85,+227
7164 ,7164,47VCP2208,,24,+155,5-04,7HO7839,1HO5702,2994,+640,+21,+10,+96,+213
7230 ,7230,47VCP2191,,23,+155,4-07,507HO6838,7HO6695,5765,+119,+26,+3,+83,+227
7462 ,7462,47VCP2600,,20,+155,5-25,501HO8903,1HO2406,6005,+44,+0,+1,+131,+179
7722 ,7722,000000000,,17,+155,8-19,200HO5049,1HO2406,5244,-147,-14,-5,-89,+398
7799 ,7799,000000000,,16,+155,10-13,1HO9915,11HO5486,4320,+368,-19,+0,+18,+291
7962 ,7962,000000000,,13,+155,,1HO8523,9HO2575,5103,-464,-52,-16,-2,+312
8170 ,8170,47VEB6587,,10,+155,,1HO2443,1HO7235,5943,-38,-29,-8,-14,+324
8601 ,8601,000000000,,4,+155,,1HO2566,1HO5588,5986,+390,-4,+3,-36,+345
7070 ,7070,47VCP2075,,25,+154,3-22,1HO9617,1HO5702,2802,-374,+8,-12,-10,+317
7108 ,7108,47VCP2084,,25,+154,2-17,11HO7123,,4271,,,,,+308
7161 ,7161,47VCP2250,,24,+154,2-25,501HO6987,14HO3751,5830,-412,+4,-3,-12,+320
7195 ,7195,000000000,,24,+154,2-23,1HO9620,,2536,,,,,+308
7441 ,7441,47VCP2593,,20,+154,7-21,11HO7123,,1642,,,,,+308
7521 ,7521,47VCP2585,,20,+154,6-21,11HO7123,,4351,,,,,+308
7869 ,7869,47VEB6070,,15,+154,,HB,29HO10792,6148,+664,+42,+25,+308,
7946 ,7946,47VEB6389,,14,+154,,7HO6782,,2221,,,,,+307
7284 ,7284,000000000,,22,+153,4-21,507HO6838,29HO10302,5948,+297,+3,-2,+78,+227
7440 ,7440,47VCP2625,,20,+153,5-31,7HO7602,200HO3,2175,+761,+21,+17,+137,+169
7819 ,7819,47VEB6094,,15,+153,10-12,507HO7466,1HO5663,6370,-98,-15,+3,+58,+247
8373 ,8373,47VEB6905,,7,+153,,1HO9603,1HO6802,5635,+358,-25,-2,-16,+321
7313 ,7313,000000000,,22,+152,3-17,1HO9542,11HO4662,2329,+330,-3,+15,-8,+311
8739 ,8739,000000000,,2,+152,,1HO7094,14HO4661,5691,-339,+1,-4,+60,+243
8202 ,8202,47VEB6535,,10,+151,,1HO8664,29HO9155,5938,-995,-15,-25,-70,+371
7500 ,7500,47VCP2618,,20,+150,6-10,7HO6168,29HO10321,5272,+397,+4,+18,+67,+232
7951 ,7951,47VEB6395,,14,+150,,1HO7691,,4358,,,,,+299
8147 ,8147,47VEB6599,,11,+150,,1HO2507,,4248,,,,,+299
8623 ,8623,000000000,,4,+150,,1HO7691,,4593,,,,,+299
8805 ,8805,000000000,,1,+150,,1HO7691,HB,6408,,,,,+299
8806 ,8806,000000000,,1,+150,,1HO7691,HB,2781,,,,,+299
7790 ,7790,000000000,,16,+149,9-12,1HO7690,29HO9155,5703,+64,+4,+6,+83,+214
7990 ,7990,47VEB6336,,13,+148,,1HO2587,11HO5183,5499,-178,-34,-2,-73,+368
7991 ,7991,47VEB6359,,13,+148,,1HO8812,,3833W,,,,,+296
8145 ,8145,47VEB6546,,11,+148,,1HO8812,,5006,,,,,+296
8152 ,8152,47VEB6588,,10,+148,,1HO8812,,5043,,,,,+296
8157 ,8157,47VEB6614,,10,+148,,1HO8812,,4573,,,,,+296
8360 ,8360,47VEB6859,,8,+148,,1HO8812,,4352,,,,,+296
8488 ,8488,47VFF1033,,6,+148,,1HO8812,1HO5045,6684,,,,,+296
8331 ,8331,47VEB6884,,8,+147,,1HO8812,11HO7319,6110,+314,-6,+1,-3,+296
6841 ,6841,47VBY9784,,29,+146,2-09,14HO3801,1HO5626,2420,+194,-11,+9,+80,+211
7360 ,7360,47VCP2420,,22,+146,4-23,1HO7235,11HO7319,5814,-360,-33,-13,-77,+368
7750 ,7750,000000000,,16,+146,9-18,1HO9595,,4574,,,,,+292
7793 ,7793,000000000,,16,+146,10-04,1HO9915,,4575,,,,,+291
7801 ,7801,000000000,,15,+146,9-29,1HO9915,,4609,,,,,+291
8179 ,8179,47VEB6558,,10,+146,,1HO9915,,4505,,,,,+291
8222 ,8222,000000000,,10,+146,,1HO9915,,4586,,,,,+291
8245 ,8245,000000000,,9,+146,,1HO9915,1HO6360,5278,,,,,+291
8640 ,8640,000000000,,4,+146,,1HO9591,7HO6349,2652,-135,+24,+6,+40,+252
8047 ,8047,47VEB6496,,12,+145,,HB,507HO7482,6375,+1019,+29,+35,+289,
7135 ,7135,47VCP2034,,24,+144,6-16,1HO2406,1HO6360,2756,-479,-26,-22,+66,+222
7954 ,7954,47VEB6394,,13,+144,,1HO8328,UNKNOWN,5023,,,,,+288
8089 ,8089,47VEB6503,,12,+144,,1HO8328,,4572,,,,,+288
8117 ,8117,47VEB6567,,11,+144,,1HO8407,3HO5897,5273,-314,-17,-7,-50,+338
8141 ,8141,47VEB6609,,11,+144,,1HO7794,1HO6149,2067,+528,-2,+11,-34,+322
8256 ,8256,000000000,,9,+144,,1HO8328,,5388,,,,,+288
8265 ,8265,000000000,,9,+144,,HB,1HO7127,6521,+857,+57,+33,+288,
8282 ,8282,000000000,,9,+144,,1HO8328,,5364,,,,,+288
8417 ,8417,47VFF1022,,7,+144,,1HO8328,,2809,,,,,+288
8591 ,8591,000000000,,4,+144,,1HO8328,501HO7467,6816,,,,,+288
8598 ,8598,000000000,,4,+144,,1HO8328,1HO6833,6851,,,,,+288
8715 ,8715,000000000,,2,+144,,1HO8328,1HO7290,6813,,,,,+288
8744 ,8744,000000000,,2,+144,,1HO8328,,5846,,,,,+288
7468 ,7468,47VCP2620,,20,+143,5-25,501HO8903,11HO7319,6114,+427,+22,+7,+106,+179
7529 ,7529,47VCP2631,,19,+142,8-07,1HO9673,11HO5183,5158,-480,-46,-9,-134,+417
8510 ,8510,47VFF1153,,6,+142,,1HO9949,29HO9429,2072,-922,-19,-20,-147,+430
8611 ,8611,000000000,,4,+142,,751HO9554,29HO10792,6323,+1043,+23,+33,+284,
7362 ,7362,47VCP2404,,22,+141,3-29,501HO8903,11HO7318,5999,+814,+35,+21,+103,+179
6883 ,6883,47VBY9833,,28,+140,2-05,14HO3801,9HO2575,2824,-4,-26,-4,+68,+211
7150 ,7150,47VCP2195,,24,+139,1-12,1HO9626,,2182,,,,,+277
7488 ,7488,47VCP2653,,20,+139,6-23,1HO6721,14HO3751,6017,-703,-18,-9,-41,+319
7902 ,7902,47VEB6066,,14,+139,,HB,29HO10792,6312,+552,+23,+20,+277,
7092 ,7092,47VCP2080,,25,+138,2-27,11HO7123,1HO6802,5088,-200,-10,-12,-32,+308
7474 ,7474,47VCP2567,,20,+137,5-25,507HO6838,1HO7235,6117,+34,+4,+0,+46,+227
8006 ,8006,47VEB6416,,13,+137,,501HO6833,183HO169,6413,-15,-16,+14,-113,+386
8231 ,8231,000000000,,10,+136,,751HO9554,1HO7235,6582,+636,+16,+15,+271,
8334 ,8334,47VEB6878,,8,+136,,1HO9393,507HO6695,5888,-665,+9,-17,-58,+329
8335 ,8335,47VEB6849,,8,+136,,1HO9393,507HO6695,5888,-665,+9,-17,-58,+329
8028 ,8028,47VEB6385,,12,+135,,501HO8407,1HO9148,6414,+13,-11,+0,-69,+338
7952 ,7952,47VEB6350,,13,+134,,1HO8664,7HO6349,2940,-203,-5,-3,-104,+371
7449 ,7449,47VCP2674,,20,+133,5-09,507HO7466,14HO3831,6115,+607,+3,+14,+19,+247
8435 ,8435,47VFF1020,,7,+133,,1HO9309,1HO2406,5429,+128,-7,-1,+15,+250
7352 ,7352,000000000,,22,+132,5-24,501HO8903,29HO9155,5821,+539,+3,+22,+85,+179
7431 ,7431,47VCP2441,,21,+132,5-12,1HO1608,1HO6360,5363,-149,-7,+1,+263,
7244 ,7244,47VCP2224,,23,+130,3-08,501HO8328,203HO421,5880,-390,-26,-14,-28,+288
7249 ,7249,000000000,,23,+130,3-19,501HO8903,1HO2406,5949,+298,+6,+7,+80,+179
8786 ,8786,000000000,,1,+130,,HB,29HO10241,5643,+332,+15,+14,+259,
7175 ,7175,47VCP2204,,24,+129,3-08,7HO6838,29HO9155,5706,-114,-6,+7,+30,+227
8210 ,8210,47VEB6612,,10,+129,,1HO2557,HB,5263,,,,,+258
8211 ,8211,47VEB6541,,10,+129,,751HO8812,7HO6838,6566,+316,+20,+4,-39,+296
8214 ,8214,47VEB6598,,10,+129,,1HO2557,,4599,,,,,+258
8784 ,8784,000000000,,1,+129,,HB,14HO3597,5385,+457,+5,+11,+257,
7980 ,7980,47VEB6361,,13,+128,,1HO7352,7HO6247,2225,+195,-7,+4,+45,+211
8097 ,8097,47VEB6492,,11,+128,,501HO8598,HB,6509,,,,,+256
7217 ,7217,47VCP2259,,23,+127,3-16,7HO7839,1HO8253,2861,-251,+2,-4,+40,+213
7442 ,7442,47VCP2628,,20,+127,5-12,501HO7466,507HO6695,6173,+747,+46,+24,+254,
6885 ,6885,47VBY9799,,28,+126,1-02,1HO9362,,2610,,,,,+251
8292 ,8292,000000000,,9,+126,,HB,29HO10124,6546,+102,+2,+4,+252,
8431 ,8431,47VEB6962,,7,+126,,1HO9954,3HO5897,5436,-122,+12,+4,+27,+224
8652 ,8652,000000000,,3,+126,,1HO9591,,3823,,,,,+252
7130 ,7130,47VCP2050,,24,+125,2-25,501HO7467,1HO5663,5678,-88,-10,-3,+21,+228
7976 ,7976,47VEB6393,,13,+125,,1HO9309,,4449,,,,,+250
8686 ,8686,000000000,,3,+125,,1HO2678,122HO7520,4308,+148,+10,-2,-79,+329
7172 ,7172,47VCP2263,,24,+124,2-24,HB,11HO7130,5700,+993,+32,+38,+247,
7450 ,7450,47VCP2669,,20,+124,5-11,1HO9483,11HO5183,5194,+686,-11,+25,+125,+123
7494 ,7494,47VCP2662,,20,+124,6-07,507HO7466,,,,,,,+247
8215 ,8215,000000000,,10,+124,,507HO7466,1HO7235,6604,,,,,+247
8220 ,8220,000000000,,10,+124,,507HO7466,JERSEYS,6547,,,,,+247
8509G ,8509,47VFF1132,,6,+124,,HB,1HO7290,6688,-19,+55,+12,+248,
7227 ,7227,47VCP2249,,23,+123,3-27,507HO7602,1HO6802,5946,+562,+5,+5,+77,+169
8445 ,8445,47VEB6953,,6,+123,,HB,7HO6168,6307,+157,+15,+20,+246,
7124 ,7124,47VCP2062,,25,+122,1-17,7HO6168,9HO2704,2272,-841,+15,-10,+12,+232
7235 ,7235,000000000,,23,+122,2-19,501HO7094,,5984,,,,,+243
7353 ,7353,47VCP2442,,22,+122,4-21,501HO7094,,5921,,,,,+243
7489 ,7489,47VCP2586,,20,+122,6-08,501HO7094,7HO6168,6102,,,,,+243
8203 ,8203,47VEB6557,,10,+122,,1HO7794,1HO7754,2649,+294,+0,+15,-79,+322
7808 ,7808,000000000,,15,+121,9-26,200HO5156,7HO7264,5684,-78,+18,-4,+121,+121
8338 ,8338,47VEB6906,,8,+121,,1HO9604,1HO5663,6111,+54,+2,+2,+12,+230
7169 ,7169,47VCP2201,,24,+120,2-24,1HO2406,11HO5183,5197,+72,-31,+15,+17,+222
8446 ,8446,47VEB6997,,6,+120,,1HO2646,3HO5678,5395,-361,+5,+0,+25,+214
8740 ,8740,000000000,,2,+120,,1HO2560,11HO7391,5698,-524,-4,-13,-163,+403
7288 ,7288,000000000,,22,+119,3-16,1HO7624,,4467,,,,,+238
7947 ,7947,47VEB6358,,14,+119,,1HO7336,1HO5587,5479,-12,-7,+11,+48,+190
8473 ,8473,47VEB7000,,6,+119,,1HO9763,14HO3597,6683,+993,+8,+18,+238,
8578 ,8578,000000000,,4,+119,,751HO9554,14HO3597,6683,+993,+8,+18,+238,
6877 ,6877,47VBY9778,,28,+118,5-19,1HO9354,,4530,,,,,+236
7139 ,7139,47VCP2206,,24,+118,3-27,1HO9626,9HO2299,2552,+492,+13,+7,-41,+277
7127 ,7127,47VCP2067,,24,+117,1-18,1HO9601,7HO6349,2940,-203,-5,-3,-104,+337
7079 ,7079,47VCP2077,,25,+116,4-06,507HO6168,,5804,,,,,+232
7109 ,7109,47VCP2053,,25,+116,1-29,507HO6168,,5737,,,,,+232
7255 ,7255,000000000,,23,+116,5-04,7HO6168,,5297,,,,,+232
7257 ,7257,000000000,,23,+116,2-13,7HO6168,,5297,,,,,+232
7260 ,7260,000000000,,23,+116,2-14,7HO6168,,5297,,,,,+232
7287 ,7287,47VCP2358,,22,+116,8-29,7HO6168,,5342,,,,,+232
7466 ,7466,47VCP2671,,20,+116,8-04,7HO6168,,3631,,,,,+232
8299 ,8299,000000000,,9,+116,,HB,29HO10124,6588,+574,+2,+19,+231,
8345 ,8345,47VEB6839,,8,+116,,751HO9208,1HO9336,6657,-723,-34,-16,-181,+413
8550 ,8550,000000000,,5,+116,,HB,14HO3801,6628,+745,-10,+22,+232,
7159 ,7159,47VCP2243,,24,+115,2-02,1HO6939,1HO6360,5182,-1132,-35,-29,-17,+247
7818 ,7818,47VEB6032,,15,+115,,507HO7466,1HO8974,6314,-522,-2,-13,-17,+247
8064 ,8064,47VEB6459,,12,+115,,HB,507HO6838,6269,+1111,+39,+25,+230,
7180 ,7180,000000000,,24,+114,2-15,7HO6838,,5058,,,,,+227
7229 ,7229,47VCP2238,,23,+114,3-07,507HO6838,,5840,,,,,+227
7232 ,7232,000000000,,23,+114,2-19,507HO6838,203HO486,5961,,,,,+227
7346 ,7346,000000000,,22,+114,6-03,507HO6838,1HO7235,6011,,,,,+227
7410 ,7410,47VCP2440,,21,+114,4-27,1HO9662,,4503,,,,,+227
7432 ,7432,47VCP2425,,21,+114,5-14,507HO6838,,6001,,,,,+227
7463 ,7463,47VCP2672,,20,+114,,501HO8903,1HO6721,5995,-561,-23,-13,+48,+179
7747 ,7747,000000000,,16,+114,9-22,7HO6838,,2517,,,,,+227
7783 ,7783,000000000,,16,+114,9-29,7HO6838,,2533,,,,,+227
7418 ,7418,47VCP2651,,21,+113,6-08,501HO6838,1HO7235,5994,+583,+35,+17,+226,
7434 ,7434,47VCP2588,,21,+113,5-10,501HO7094,11HO7318,6010,+5,+49,+3,-18,+243
8516 ,8516,47VFF1167,,5,+112,,1HO9954,,5445,,,,,+224
7056 ,7056,47VCP2018,,25,+111,2-17,1HO2406,,4375,,,,,+222
7200 ,7200,47VCP2251,,24,+111,2-19,1HO9484,7HO4152,2143,-36,+14,+1,+91,+130
7133 ,7133,47VCP2232,,24,+109,2-24,1HO9626,11HO5929,2738,-860,-5,-22,-59,+277
7231 ,7231,000000000,,23,+109,2-24,1HO6776,,1951,,,,,+218
8187 ,8187,47VEB6581,,10,+109,,1HO6776,,5406,,,,,+218
8392 ,8392,47VEB6830,,7,+109,,1HO6776,,4412,,,,,+218
8743 ,8743,000000000,,2,+109,,1HO6776,,4449,,,,,+218
8821 ,8821,000000000,,,+109,,1HO9994,14HO3751,5650,-997,-32,-24,-155,+372
8419 ,8419,47VFF1013,,7,+108,,1HO9954,1HO2406,5852,+355,-4,+9,-8,+224
8709 ,8709,000000000,,2,+108,,1HO6776,9HO2575,5103,-464,-52,-16,-2,+218
7037 ,7037,47VCP2020,,25,+107,2-06,1HO7690,,2524,,,,,+214
7263 ,7263,000000000,,23,+107,3-16,7HO7839,,5391,,,,,+213
7317 ,7317,000000000,,22,+107,,7HO7839,,5384,,,,,+213
7720 ,7720,000000000,,17,+107,9-15,1HO7690,,2826,,,,,+214
7781 ,7781,000000000,,16,+107,10-05,1HO7690,,4355,,,,,+214
7992 ,7992,47VEB6335,,13,+107,,HB,29HO11111,6221,+683,+38,+23,+213,
8239 ,8239,000000000,,9,+107,,1HO9915,11HO7319,5814,-360,-33,-13,-77,+291
7116 ,7116,47VCP2057,,25,+106,2-24,14HO3801,,2594,,,,,+211
7171 ,7171,47VCP2193,,24,+106,3-07,14HO3801,,4431,,,,,+211
7338 ,7338,000000000,,22,+106,7-01,14HO3801,,4285,,,,,+211
7340 ,7340,000000000,,22,+106,4-21,14HO3801,,4550,,,,,+211
8219 ,8219,000000000,,10,+106,,1HO7352,203HO486,5954,,,,,+211
8284 ,8284,000000000,,9,+106,,1HO2609,11HO6715,4453,-33,-10,+1,-122,+333
8065 ,8065,47VEB6525,,12,+105,,1HO7794,29HO9429,2069,-140,-17,-12,-112,+322
8471 ,8471,47VFF1030,,6,+105,,HB,1HO7127,6755,+943,+34,+33,+209,
7859 ,7859,47VEB6037,,15,+104,,1HO9309,7JE329,5746,+727,-12,+10,-43,+250
7364 ,7364,47VCP2590,,22,+103,5-10,501HO8903,11HO7318,5990,+811,+31,+20,+27,+179
7368 ,7368,47VCP2432,,22,+103,3-27,507HO6838,1HO7235,5935,-196,-7,-2,-21,+227
8029 ,8029,47VEB6413,,12,+103,,501HO8704,7HO6838,6420,+1394,+28,+35,+206,
8223 ,8223,000000000,,10,+102,,507HO7466,1HO9164,6552,-475,-22,-8,-43,+247
8736 ,8736,000000000,,2,+101,,1HO9299,,5687,,,,,+202
7210 ,7210,47VCP2215,,23,+100,3-04,1HO6943,,5263,,,,,+200
7245 ,7245,000000000,,23,+100,4-16,1HO6943,UNKNOWN,2860,,,,,+200
7437 ,7437,47VCP2594,,21,+100,6-01,1HO6943,,4287,,,,,+200
8523G ,8523,47VFF1148,,5,+100,,HB,29HO10493,6764,-307,+28,+5,+200,
7256 ,7256,000000000,,23,+99,4-21,7HO6695,,5232,,,,,+197
7258 ,7258,000000000,,23,+99,3-01,7HO6695,,5232,,,,,+197
7259 ,7259,000000000,,23,+99,3-01,7HO6695,,5232,,,,,+197
7987 ,7987,47VEB6399,,13,+99,,HB,7HO56905,6230,+968,+49,+24,+198,
8261 ,8261,000000000,,9,+97,,HB,14HO3597,6592,-193,+4,-9,+194,
8366 ,8366,47VEB6858,,8,+97,,751HO9554,1HO6721,6654,+422,-11,+5,+194,
8367 ,8367,47VEB6898,,8,+97,,751HO9554,1HO6721,6654,+422,-11,+5,+194,
8194 ,8194,000000000,,10,+96,,HB,1HO6833,6537,+64,+6,+5,+191,
8242 ,8242,000000000,,9,+96,,HB,1HO6833,6517,-397,+16,-13,+191,
7052 ,7052,47VCP2068,,25,+95,4-05,1HO7336,,3720,,,,,+190
7470 ,7470,47VCP2666,,20,+95,8-15,1HO7336,,2440,,,,,+190
7477 ,7477,47VCP2647,,20,+95,6-22,1HO7336,,4412,,,,,+190
7496 ,7496,47VCP2635,,20,+95,6-23,501HO7336,,,,,,,+190
7738 ,7738,47VEB5294,,17,+95,8-15,1HO7336,,4426,,,,,+190
7745 ,7745,47VEB5299,,16,+95,9-28,1HO7336,,2461,,,,,+190
7764 ,7764,47VEB5315,,16,+95,9-03,7HO8175,,4603,,,,,+190
7873 ,7873,47VEB6050,,15,+95,,7HO8175,,3871,,,,,+190
8314 ,8314,47VEV6862,,8,+95,,1HO7336,,4606,,,,,+190
7446 ,7446,47VCP2627,,20,+94,5-25,1HO9670,1HO5588,5029,+645,-2,+7,-19,+206
7447 ,7447,47VCP2626,,20,+94,6-10,1HO9670,1HO5588,5029,+645,-2,+7,-19,+206
7428 ,7428,47VCP2643,,21,+93,5-23,1HO6168,11HO5486,5409,+1020,-7,+19,+196,-11
8192 ,8192,47VEB6551,,10,+92,,HB,507HO6168,6494,+368,-6,+22,+184,
7228 ,7228,000000000,,23,+90,3-07,507HO6838,1HO8863,5977,-727,-1,-17,-47,+227
8228 ,8228,000000000,,10,+89,,HB,1HO5045,6578,+206,+23,+20,+178,
8312 ,8312,47VEB6899,,8,+89,,1HO9106,507HO6695,6733,-297,+26,-6,+75,+103
7459 ,7459,47VCP2630,,20,+88,5-27,1HO9483,29HO10321,5117,-6,+1,+5,+53,+123
7497 ,7497,47VCP2572,,20,+88,5-19,1HO9670,1HO2406,5274,-132,-18,-6,-30,+206
7445 ,7445,47VCP2646,,20,+86,5-13,501HO8903,1HO9011,6062,-476,-6,-11,-8,+179
8772 ,8772,000000000,,1,+86,,HB,29HO10124,6139,+289,+25,+10,+171,
7219 ,7219,000000000,,23,+85,3-01,7HO7602,,3867,,,,,+169
7220 ,7220,47VCP2255,,23,+85,2-24,7HO7602,,3867,,,,,+169
7225 ,7225,47VCP2209,,23,+85,3-01,507HO7602,,5842,,,,,+169
7337 ,7337,000000000,,22,+85,4-01,7HO7602,,5006,,,,,+169
7752 ,7752,000000000,,16,+83,8-29,777HO5049,1HO7154,6261,+748,+21,+22,+166,
8021 ,8021,47VEB6357,,13,+82,,HB,1HO7127,6290,+712,+22,+27,+164,
7478 ,7478,47VCP2616,,20,+81,5-29,501HO7094,1HO8912,6025,-63,-17,-2,-82,+243
8073 ,8073,47VEB6527,,12,+81,,,29HO10241,6305,+194,+7,+7,+162,
8571 ,8571,000000000,,5,+81,,HB,501HO6987,6763,+44,+19,+5,+161,
8390 ,8390,47VEB6892,,7,+80,,HB,1HO9162,6581,+512,+27,+17,+160,
8760 ,8760,000000000,,1,+80,,1HO5433,1HO5588,5673,-469,-38,-22,-170,+329
7721 ,7721,47VEB5287,,17,+79,9-21,1HO2577,,3963,,,,,+157
7742 ,7742,47VEB5297,,17,+79,10-05,1HO2577,,5442,,,,,+157
8359 ,8359,47VEB6894,,8,+79,,1HO9591,11HO6159,6097,-621,-18,-15,-95,+252
7897G ,7897,47VEB6026,,14,+77,,HB,507HO6695,6275,-650,+23,-6,+153,
8236 ,8236,000000000,,9,+77,,1HO2557,1HO8379,2992,-629,-15,-10,-104,+258
8824 ,8824,000000000,,,+75,,HB,1HO7235,6045,+560,+13,+14,+149,
7926G ,7926,47VEB6369,,14,+72,,HB,1HO9071,6292,+373,+2,+10,+144,
7224 ,7224,47VCP2274,,23,+71,4-11,1HO7840,1HO6360,2671,-844,-24,-31,+35,+107
7860 ,7860,47VEB6054,,15,+70,,HB,1HO6721,6226,+16,+16,-5,+140,
8205 ,8205,000000000,,10,+69,,HB,1HO9096,6568,+326,+1,+14,+137,
8160 ,8160,47VEB6544,,10,+67,,HB,1HO9154,6422,+80,+25,+9,+134,
8259 ,8259,000000000,,9,+65,,751HO9554,1HO6833,6617,-22,-1,-4,+129,
8316 ,8316,47VEB6856,,8,+65,,HB,29HO10124,6367,+434,+0,+13,+129,
8546 ,8546,000000000,,5,+65,,1HO2640,,3918,,,,,+130
8547 ,8547,000000000,,5,+65,,1HO2640,,3918,,,,,+130
8087 ,8087,47VEB6530,,12,+64,,HB,29HO10124,6224,-213,+1,+1,+127,
8034 ,8034,47VEB6469,,12,+63,,1HO7832,9HO2704,2272,-841,+15,-10,+12,+114
7885 ,7885,47VEB6052,,14,+61,,200HO5156,,2095,,,,,+121
8449 ,8449,47VFF1027,,6,+61,,751HO9554,1HO9226,6692,+117,-1,+18,+122,
7910 ,7910,47VEB6029,,14,+57,,1HO7832,,3903,,,,,+114
8111 ,8111,47VEB6592,,11,+57,,HB,29HO10818,6429,-194,-11,-1,+114,
8323 ,8323,47VEB6879,,8,+57,,1HO7832,,4415,,,,,+114
8534 ,8534,47VFF1147,,5,+57,,751HO9554,14HO3597,6807,-76,-8,-9,+113,
8129 ,8129,47VEB6570,,11,+56,,HB,1HO9097,6535,+56,+6,+0,+111,
7087 ,7087,47VCP2048,,25,+54,3-17,1HO7840,,4436,,,,,+107
7176 ,7176,47VCP2245,,24,+54,3-01,1HO7840,,4492,,,,,+107
7197 ,7197,47VCP2199,,24,+54,3-01,1HO7840,,4520,,,,,+107
7473 ,7473,47VCP2581,,20,+53,7-01,501HO8328,1HO6721,6105,-923,-43,-30,-182,+288
8234 ,8234,000000000,,10,+53,,1HO7832,11HO4662,2329,+330,-3,+15,-8,+114
7733 ,7733,000000000,,17,+52,8-19,501HO6845,7HO8975,6153,-1131,+5,-32,-238,+342
7892 ,7892,47VEB6095,,14,+52,,HB,3HO5897,6094,+986,+28,+26,+104,
8030 ,8030,47VEB6480,,12,+51,,HB,11HO7741,6401,+341,+14,+11,+102,
7953 ,7953,47VEB6400,,13,+50,,HB,1HO8974,6315,-86,+11,+0,+99,
8201 ,8201,000000000,,10,+50,,HB,1HO6721,6560,-21,-6,-10,+100,
8249 ,8249,000000000,,9,+50,,HB,507HO6168,6426,+204,-5,+7,+99,
7483 ,7483,47VCP2595,,20,+46,7-11,1HO9667,29HO9429,2072,-922,-19,-20,-147,+239
7938 ,7938,47VEB6354,,14,+45,,JERSEYS,507HO6838,6394,+819,+15,+16,+89,
7430 ,7430,47VCP2388,,21,+43,6-02,1HO6782,507HO6695,5933,+969,+57,+26,+280,-194
8291 ,8291,000000000,,9,+43,,,1HO7235,6621,+60,+10,+6,+85,
7328 ,7328,47VCP2365,,22,+39,4-01,1HO6487,1HO5588,2600,-59,-32,-13,-122,+200
8666 ,8666,000000000,,3,+32,,1HO6776,1HO7886,2913,-1348,-8,-32,-154,+218
7495 ,7495,47VCP2652,,20,+31,6-03,507HO7466,1HO9007,6044,-577,-3,-15,-185,+247
7464 ,7464,47VCP2596,,20,+30,5-27,,1HO8855,6046,-641,-7,-10,+59,
7924G ,7924,47VEB6404,,14,+30,,HB,1HO5663,6293,+153,-6,-1,+60,
7964 ,7964,47VEB6342,,13,+28,,1HO2585,1HO5588,5673,-469,-38,-22,-170,+225
8428 ,8428,47VEB6970,,7,+25,,1HO9656,14HO3801,6693,-181,-7,-3,+49,
7189 ,7189,47VCP2275,,24,+17,2-06,1HO5963,,2144,,,,,+33
7426 ,7426,47VCP2656,,21,+17,4-30,1HO5963,,4560,,,,,+33
7453 ,7453,47VCP2601,,20,+15,6-09,1HO7127,11HO4338,6040,-847,-40,-21,-424,+453
7921 ,7921,47VEB6365,,14,+12,,HB,1HO8981,6324,-185,+0,-2,+23,
8177 ,8177,47VEB6605,,10,+10,,1HO7832,122HO7,4266,-667,-23,-11,-94,+114
8017 ,8017,47VEB6352,,13,+7,,HB,1HO9072,6280,-194,-13,-3,+14,
8233 ,8233,000000000,,10,+6,,1HO8430,122HO1375,4293,-483,-49,-20,-341,+353
8115 ,8115,47VEB6528,,11,-5,,4HO2605,7HO6695,5745,-571,+11,-16,-9,
7968 ,7968,47VEB6411,,13,-14,,1HO6812,,4565,,,,,-27
7963 ,7963,47VEB6406,,13,-17,,HB,1HO9121,6304,-59,-16,-8,-34,
8817 ,8817,000000000,,1,-18,,HB,1HO5702,2718,-201,+22,-15,-36,
8502 ,8502,47VFF1170,,6,-27,,HB,1HO6721,6676,-856,-26,-27,-54,
8573 ,8573,000000000,,5,-33,,,507HO6838,6891,-336,-12,-11,-65,
8626 ,8626,000000000,,4,-34,,1HO2980,1HO6833,6253,+320,+28,-1,+229,-296
8800 ,8800,000000000,,1,-41,,HB,1HO8912,6025,-63,-17,-2,-82,
7890 ,7890,47VEB6078,,14,-77,,1HO7287,1HO7886,2913,-1348,-8,-32,-154,
8167 ,8167,000000000,,10,-82,,1HO2506,,5781,,,,,-163
8749 ,8749,000000000,,2,-121,,1HO2383,1HO6827,7018,,,,,-241
7433 ,7433,47VCP2598,,21,-128,5-07,1HO7336,9HO1792,1339,-2084,-51,-57,-445,+190
7471 ,7471,47VCP2623,,20,,6-08,501HO7466,14HO3831,5978,,,,,
7880 ,7880,47VEB6083,,14,,,HB,507HO7379,6135,,,,,
7904G ,7904,47VEB6412,,14,,,HB,507HO6838,6167,,,,,
7940 ,7940,47VEB6338,,14,,,HB,507HO6695,6174,,,,,
8080 ,8080,47VEB6466,,12,,,14HO8772,,5822,,,,,
8100 ,8100,47VEB6509,,11,,,501HO8165,,6459,,,,,
8113 ,8113,47VEB6585,,11,,,HB,HOLSTEIN,6455,,,,,
8240 ,8240,47VEB6893,,9,,,751HO9554,HB,6538,,,,,
8293 ,8293,000000000,,9,,,,BULL,6053,,,,,
8379 ,8379,47VEB6885,,7,,,HB,1HO6721,6589,,,,,
8526G ,8526,47VFF1149,,5,,,HB,HB,6706,,,,,
8531G ,8531,47VFF1133,,5,,,HB,,6751,,,,,
8604 ,8604,000000000,,4,,,HB,501HO7290,6811,,,,,
8629 ,8629,000000000,,4,,,HB,507HO7466,6772,,,,,
8635 ,8635,000000000,,4,,,HB,1HO6833,6691,,,,,
8655 ,8655,000000000,,3,,,HB,507HO6838,6857,,,,,
8656 ,8656,000000000,,3,,,HB,1HO6721,6719,,,,,
8662 ,8662,000000000,,3,,,751HO9554,1HO6833,6899,,,,,
8676 ,8676,000000000,,3,,,751HO9554,501HO6987,6941,,,,,
8684 ,8684,000000000,,3,,,HB,1HO5045,6627,,,,,
8700 ,8700,000000000,,3,,,751HO9554,1HO9354,6878,,,,,
8720 ,8720,000000000,,2,,,751HO9554,501HO7169,6995,,,,,
8723 ,8723,000000000,,2,,,751HO9554,1HO7624,6954,,,,,
8725G ,8725,000000000,,2,,,HB,1HO9362,6831,,,,,
8726G ,8726,000000000,,2,,,HB,1HO5045,6690,,,,,
8730 ,8730,000000000,,2,,,HB,1HO6721,6920,,,,,
8735 ,8735,000000000,,2,,,751HO9554,1HO6721,6983,,,,,
8738 ,8738,000000000,,2,,,HB,1HO9356,6702,,,,,
8746 ,8746,000000000,,2,,,751HO9301,501HO7169,7033,,,,,
8762 ,8762,000000000,,1,,,751HO9554,1HO9446,6996,,,,,
8763 ,8763,000000000,,1,,,751HO9554,1HO9446,6996,,,,,
8773G ,8773,000000000,,1,,,HB,29HO10124,6928,,,,,
8775 ,8775,000000000,,1,,,751HO9554,1HO9397,7053,,,,,
8776G ,8776,000000000,,1,,,HB,1HO7290,6614,,,,,
8801G ,8801,000000000,,1,,,HB,7HO7482,7016,,,,,
8810 ,8810,000000000,,1,,,751HO9554,1HO9444,7083,,,,,
8831G ,8831,000000000,,,,,HB,1HO7290,6922,,,,,
8835 ,8835,000000000,,,,,HB,501HO7290,7025,,,,,
